product_position,product_name,product_permalink,image_number,source_url,source_width,source_height,folder,local_path,bytes,download_status,error
1,BTILC 40th Anniversary Gerald Okamura Figure,btilc-40th-anniversary-gerald-okamura-figure,1,https://assets.bigcartel.com/product_images/425790159/PXL_20260523_185419953.jpg,3072,4080,products/001_btilc-40th-anniversary-gerald-okamura-figure,products/001_btilc-40th-anniversary-gerald-okamura-figure/images/01.jpg,216444,OK,
1,BTILC 40th Anniversary Gerald Okamura Figure,btilc-40th-anniversary-gerald-okamura-figure,2,https://assets.bigcartel.com/product_images/425790150/PXL_20260523_185309572.jpg,3072,4080,products/001_btilc-40th-anniversary-gerald-okamura-figure,products/001_btilc-40th-anniversary-gerald-okamura-figure/images/02.jpg,220651,OK,
1,BTILC 40th Anniversary Gerald Okamura Figure,btilc-40th-anniversary-gerald-okamura-figure,3,https://assets.bigcartel.com/product_images/425790156/PXL_20260523_185202010.jpg,3072,4080,products/001_btilc-40th-anniversary-gerald-okamura-figure,products/001_btilc-40th-anniversary-gerald-okamura-figure/images/03.jpg,197023,OK,
1,BTILC 40th Anniversary Gerald Okamura Figure,btilc-40th-anniversary-gerald-okamura-figure,4,https://assets.bigcartel.com/product_images/425790144/PXL_20260523_185239194.jpg,3072,4080,products/001_btilc-40th-anniversary-gerald-okamura-figure,products/001_btilc-40th-anniversary-gerald-okamura-figure/images/04.jpg,162091,OK,
1,BTILC 40th Anniversary Gerald Okamura Figure,btilc-40th-anniversary-gerald-okamura-figure,5,https://assets.bigcartel.com/product_images/425790147/PXL_20260523_185153826.jpg,3072,4080,products/001_btilc-40th-anniversary-gerald-okamura-figure,products/001_btilc-40th-anniversary-gerald-okamura-figure/images/05.jpg,150760,OK,
1,BTILC 40th Anniversary Gerald Okamura Figure,btilc-40th-anniversary-gerald-okamura-figure,6,https://assets.bigcartel.com/product_images/425790153/PXL_20260523_185217989.jpg,3072,4080,products/001_btilc-40th-anniversary-gerald-okamura-figure,products/001_btilc-40th-anniversary-gerald-okamura-figure/images/06.jpg,167238,OK,
1,BTILC 40th Anniversary Gerald Okamura Figure,btilc-40th-anniversary-gerald-okamura-figure,7,https://assets.bigcartel.com/product_images/425792289/PXL_20260607_174409809~2.jpg,3072,2996,products/001_btilc-40th-anniversary-gerald-okamura-figure,products/001_btilc-40th-anniversary-gerald-okamura-figure/images/07.jpg,368607,OK,
1,BTILC 40th Anniversary Gerald Okamura Figure,btilc-40th-anniversary-gerald-okamura-figure,8,https://assets.bigcartel.com/product_images/425792292/PXL_20260607_174420791.jpg,3072,4080,products/001_btilc-40th-anniversary-gerald-okamura-figure,products/001_btilc-40th-anniversary-gerald-okamura-figure/images/08.jpg,276681,OK,
2,Speclatron NKE6.0 Mutant,speclatron-nke60-mutant,1,https://assets.bigcartel.com/product_images/425790840/PXL_20260607_163651608.jpg,3072,4080,products/002_speclatron-nke60-mutant,products/002_speclatron-nke60-mutant/images/01.jpg,394924,OK,
2,Speclatron NKE6.0 Mutant,speclatron-nke60-mutant,2,https://assets.bigcartel.com/product_images/425790822/PXL_20260526_143615926.jpg,3072,4080,products/002_speclatron-nke60-mutant,products/002_speclatron-nke60-mutant/images/02.jpg,435192,OK,
2,Speclatron NKE6.0 Mutant,speclatron-nke60-mutant,3,https://assets.bigcartel.com/product_images/425790846/PXL_20260607_163717609.jpg,3072,4080,products/002_speclatron-nke60-mutant,products/002_speclatron-nke60-mutant/images/03.jpg,391588,OK,
3,Keshi Cheese Goblin,keshi-cheese-goblin,1,https://assets.bigcartel.com/product_images/387671010/PXL_20240731_173920421.jpg,3558,3072,products/003_keshi-cheese-goblin,products/003_keshi-cheese-goblin/images/01.jpg,367650,OK,
3,Keshi Cheese Goblin,keshi-cheese-goblin,2,https://assets.bigcartel.com/product_images/387690822/PXL_20240531_124134681.jpg,3072,4080,products/003_keshi-cheese-goblin,products/003_keshi-cheese-goblin/images/02.jpg,324413,OK,
4,Return of the Kung Fu Claw!,return-of-the-kungfu-claw,1,https://assets.bigcartel.com/product_images/387662778/z.png,1000,1328,products/004_return-of-the-kungfu-claw,products/004_return-of-the-kungfu-claw/images/01.png,237026,OK,
4,Return of the Kung Fu Claw!,return-of-the-kungfu-claw,2,https://assets.bigcartel.com/product_images/387669747/PXL_20240731_172633250.jpg,4080,3072,products/004_return-of-the-kungfu-claw,products/004_return-of-the-kungfu-claw/images/02.jpg,351150,OK,
4,Return of the Kung Fu Claw!,return-of-the-kungfu-claw,3,https://assets.bigcartel.com/product_images/387669741/PXL_20240731_172547184.jpg,4080,3072,products/004_return-of-the-kungfu-claw,products/004_return-of-the-kungfu-claw/images/03.jpg,317141,OK,
4,Return of the Kung Fu Claw!,return-of-the-kungfu-claw,4,https://assets.bigcartel.com/product_images/387669735/PXL_20240731_172637912.jpg,4080,3072,products/004_return-of-the-kungfu-claw,products/004_return-of-the-kungfu-claw/images/04.jpg,302756,OK,
4,Return of the Kung Fu Claw!,return-of-the-kungfu-claw,5,https://assets.bigcartel.com/product_images/387669732/PXL_20240731_172556552.jpg,4080,3072,products/004_return-of-the-kungfu-claw,products/004_return-of-the-kungfu-claw/images/05.jpg,265310,OK,
4,Return of the Kung Fu Claw!,return-of-the-kungfu-claw,6,https://assets.bigcartel.com/product_images/387669744/PXL_20240731_173054387.jpg,4080,3072,products/004_return-of-the-kungfu-claw,products/004_return-of-the-kungfu-claw/images/06.jpg,215977,OK,
4,Return of the Kung Fu Claw!,return-of-the-kungfu-claw,7,https://assets.bigcartel.com/product_images/387669636/PXL_20240731_172949070.jpg,4080,3072,products/004_return-of-the-kungfu-claw,products/004_return-of-the-kungfu-claw/images/07.jpg,223166,OK,
5,Simian Cheese's American Cheese Goblin,american-cheese-goblin,1,https://assets.bigcartel.com/product_images/384156369/1.png,1000,1328,products/005_american-cheese-goblin,products/005_american-cheese-goblin/images/01.png,213894,OK,
5,Simian Cheese's American Cheese Goblin,american-cheese-goblin,2,https://assets.bigcartel.com/product_images/384156372/2.png,1000,1328,products/005_american-cheese-goblin,products/005_american-cheese-goblin/images/02.png,251827,OK,
5,Simian Cheese's American Cheese Goblin,american-cheese-goblin,3,https://assets.bigcartel.com/product_images/384156375/3.png,1000,1328,products/005_american-cheese-goblin,products/005_american-cheese-goblin/images/03.png,223754,OK,
5,Simian Cheese's American Cheese Goblin,american-cheese-goblin,4,https://assets.bigcartel.com/product_images/384156378/4.png,1000,1328,products/005_american-cheese-goblin,products/005_american-cheese-goblin/images/04.png,227524,OK,
5,Simian Cheese's American Cheese Goblin,american-cheese-goblin,5,https://assets.bigcartel.com/product_images/384156381/5.png,1000,1328,products/005_american-cheese-goblin,products/005_american-cheese-goblin/images/05.png,228923,OK,
5,Simian Cheese's American Cheese Goblin,american-cheese-goblin,6,https://assets.bigcartel.com/product_images/384156387/6.png,1000,1328,products/005_american-cheese-goblin,products/005_american-cheese-goblin/images/06.png,238074,OK,
5,Simian Cheese's American Cheese Goblin,american-cheese-goblin,7,https://assets.bigcartel.com/product_images/384156384/7.png,1000,1328,products/005_american-cheese-goblin,products/005_american-cheese-goblin/images/07.png,218382,OK,
5,Simian Cheese's American Cheese Goblin,american-cheese-goblin,8,https://assets.bigcartel.com/product_images/384156390/8.png,1000,1328,products/005_american-cheese-goblin,products/005_american-cheese-goblin/images/08.png,234040,OK,
5,Simian Cheese's American Cheese Goblin,american-cheese-goblin,9,https://assets.bigcartel.com/product_images/384156402/9.png,1000,1328,products/005_american-cheese-goblin,products/005_american-cheese-goblin/images/09.png,256321,OK,
5,Simian Cheese's American Cheese Goblin,american-cheese-goblin,10,https://assets.bigcartel.com/product_images/384156393/10.png,1000,1328,products/005_american-cheese-goblin,products/005_american-cheese-goblin/images/10.png,237825,OK,
5,Simian Cheese's American Cheese Goblin,american-cheese-goblin,11,https://assets.bigcartel.com/product_images/384156399/11.png,1000,1328,products/005_american-cheese-goblin,products/005_american-cheese-goblin/images/11.png,221001,OK,
5,Simian Cheese's American Cheese Goblin,american-cheese-goblin,12,https://assets.bigcartel.com/product_images/384156405/12.png,1000,1328,products/005_american-cheese-goblin,products/005_american-cheese-goblin/images/12.png,231466,OK,
5,Simian Cheese's American Cheese Goblin,american-cheese-goblin,13,https://assets.bigcartel.com/product_images/384158022/PXL_20240531_124058691-COLLAGE.jpg,2047,2047,products/005_american-cheese-goblin,products/005_american-cheese-goblin/images/13.jpg,538301,OK,
6,Faker HE.-T. (Blue),faker-he-t-blue,1,https://assets.bigcartel.com/product_images/372964858/PXL_20231124_184405887~2.jpg,4080,3072,products/006_faker-he-t-blue,products/006_faker-he-t-blue/images/01.jpg,442588,OK,
6,Faker HE.-T. (Blue),faker-he-t-blue,2,https://assets.bigcartel.com/product_images/372964897/PXL_20231117_164117805.jpg,2990,2993,products/006_faker-he-t-blue,products/006_faker-he-t-blue/images/02.jpg,340281,OK,
6,Faker HE.-T. (Blue),faker-he-t-blue,3,https://assets.bigcartel.com/product_images/372970429/PXL_20231117_164607237.jpg,2919,2921,products/006_faker-he-t-blue,products/006_faker-he-t-blue/images/03.jpg,286632,OK,
7,Random Metal(lic) HE.-T. ,metal-lic-he-t,1,https://assets.bigcartel.com/product_images/372964753/PXL_20231121_011904836.jpg,3072,4080,products/007_metal-lic-he-t,products/007_metal-lic-he-t/images/01.jpg,277846,OK,
7,Random Metal(lic) HE.-T. ,metal-lic-he-t,2,https://assets.bigcartel.com/product_images/372964804/PXL_20231122_235032193.jpg,3072,4080,products/007_metal-lic-he-t,products/007_metal-lic-he-t/images/02.jpg,310694,OK,
7,Random Metal(lic) HE.-T. ,metal-lic-he-t,3,https://assets.bigcartel.com/product_images/372964819/PXL_20231121_212146240.jpg,3072,4080,products/007_metal-lic-he-t,products/007_metal-lic-he-t/images/03.jpg,448680,OK,
7,Random Metal(lic) HE.-T. ,metal-lic-he-t,4,https://assets.bigcartel.com/product_images/372970375/PXL_20231124_231142328.jpg,4080,3072,products/007_metal-lic-he-t,products/007_metal-lic-he-t/images/04.jpg,411132,OK,
7,Random Metal(lic) HE.-T. ,metal-lic-he-t,5,https://assets.bigcartel.com/product_images/372970384/PXL_20231124_231153819.jpg,4080,3072,products/007_metal-lic-he-t,products/007_metal-lic-he-t/images/05.jpg,389272,OK,
8,Pazuzu In MY Pocket - Random Color,pazuzu-in-my-pocket,1,https://assets.bigcartel.com/product_images/372970252/PXL_20231124_231008921.jpg,3072,4080,products/008_pazuzu-in-my-pocket,products/008_pazuzu-in-my-pocket/images/01.jpg,478681,OK,
8,Pazuzu In MY Pocket - Random Color,pazuzu-in-my-pocket,2,https://assets.bigcartel.com/product_images/372970255/PXL_20231124_231103054.jpg,4080,3072,products/008_pazuzu-in-my-pocket,products/008_pazuzu-in-my-pocket/images/02.jpg,421797,OK,
8,Pazuzu In MY Pocket - Random Color,pazuzu-in-my-pocket,3,https://assets.bigcartel.com/product_images/372970258/PXL_20231124_231051344.jpg,3072,4080,products/008_pazuzu-in-my-pocket,products/008_pazuzu-in-my-pocket/images/03.jpg,466000,OK,
8,Pazuzu In MY Pocket - Random Color,pazuzu-in-my-pocket,4,https://assets.bigcartel.com/product_images/372970261/PXL_20231124_231028980.jpg,3072,4080,products/008_pazuzu-in-my-pocket,products/008_pazuzu-in-my-pocket/images/04.jpg,463777,OK,
8,Pazuzu In MY Pocket - Random Color,pazuzu-in-my-pocket,5,https://assets.bigcartel.com/product_images/372970315/PXL_20231111_013849843.jpg,3072,4080,products/008_pazuzu-in-my-pocket,products/008_pazuzu-in-my-pocket/images/05.jpg,200727,OK,
9,The Man of Many Weapons,the-man-of-many-weapons,1,https://assets.bigcartel.com/product_images/294720408/PXL_20210203_143119088.jpg,4032,3024,products/009_the-man-of-many-weapons,products/009_the-man-of-many-weapons/images/01.jpg,342078,OK,
9,The Man of Many Weapons,the-man-of-many-weapons,2,https://assets.bigcartel.com/product_images/294849423/PXL_20210206_155117076.jpg,3024,4032,products/009_the-man-of-many-weapons,products/009_the-man-of-many-weapons/images/02.jpg,203329,OK,
9,The Man of Many Weapons,the-man-of-many-weapons,3,https://assets.bigcartel.com/product_images/294720411/PXL_20210131_164732100.jpg,3024,4032,products/009_the-man-of-many-weapons,products/009_the-man-of-many-weapons/images/03.jpg,416266,OK,
9,The Man of Many Weapons,the-man-of-many-weapons,4,https://assets.bigcartel.com/product_images/294720405/PXL_20210203_143224470.jpg,4032,3024,products/009_the-man-of-many-weapons,products/009_the-man-of-many-weapons/images/04.jpg,274585,OK,
9,The Man of Many Weapons,the-man-of-many-weapons,5,https://assets.bigcartel.com/product_images/294849420/PXL_20210206_155125105.jpg,3024,4032,products/009_the-man-of-many-weapons,products/009_the-man-of-many-weapons/images/05.jpg,196584,OK,
10,I am Nugget hat. Make a statement. ,i-am-nugget-hat,1,https://assets.bigcartel.com/product_images/346866040/received_823796365413502+_1_.jpeg,1080,1080,products/010_i-am-nugget-hat,products/010_i-am-nugget-hat/images/01.jpg,136046,OK,
10,I am Nugget hat. Make a statement. ,i-am-nugget-hat,2,https://assets.bigcartel.com/product_images/347158336/ronnie.png,1283,1283,products/010_i-am-nugget-hat,products/010_i-am-nugget-hat/images/02.png,683448,OK,
10,I am Nugget hat. Make a statement. ,i-am-nugget-hat,3,https://assets.bigcartel.com/product_images/347159875/sticker.png,800,800,products/010_i-am-nugget-hat,products/010_i-am-nugget-hat/images/03.png,300322,OK,
11,Simian Cheese's Paint by Nuggets: Hopalong Nuggity,simian-cheese-s-paint-by-numbers-hopalong-nuggity,1,https://assets.bigcartel.com/product_images/347161819/PXL_20221101_192114269.jpg,3072,4080,products/011_simian-cheese-s-paint-by-numbers-hopalong-nuggity,products/011_simian-cheese-s-paint-by-numbers-hopalong-nuggity/images/01.jpg,260202,OK,
11,Simian Cheese's Paint by Nuggets: Hopalong Nuggity,simian-cheese-s-paint-by-numbers-hopalong-nuggity,2,https://assets.bigcartel.com/product_images/347161822/PXL_20221101_192133947.jpg,3072,4080,products/011_simian-cheese-s-paint-by-numbers-hopalong-nuggity,products/011_simian-cheese-s-paint-by-numbers-hopalong-nuggity/images/02.jpg,233506,OK,
11,Simian Cheese's Paint by Nuggets: Hopalong Nuggity,simian-cheese-s-paint-by-numbers-hopalong-nuggity,3,https://assets.bigcartel.com/product_images/347161825/PXL_20221101_192205274.jpg,3072,4080,products/011_simian-cheese-s-paint-by-numbers-hopalong-nuggity,products/011_simian-cheese-s-paint-by-numbers-hopalong-nuggity/images/03.jpg,371101,OK,
11,Simian Cheese's Paint by Nuggets: Hopalong Nuggity,simian-cheese-s-paint-by-numbers-hopalong-nuggity,4,https://assets.bigcartel.com/product_images/347161828/PXL_20221101_192302256.jpg,3072,4080,products/011_simian-cheese-s-paint-by-numbers-hopalong-nuggity,products/011_simian-cheese-s-paint-by-numbers-hopalong-nuggity/images/04.jpg,176757,OK,
12,A couple of Random HE.-T.,random-he-t,1,https://assets.bigcartel.com/product_images/372970180/PXL_20231124_230840369.jpg,3072,4080,products/012_random-he-t,products/012_random-he-t/images/01.jpg,269690,OK,
12,A couple of Random HE.-T.,random-he-t,2,https://assets.bigcartel.com/product_images/372970183/PXL_20231124_230832771.MP.jpg,3072,4080,products/012_random-he-t,products/012_random-he-t/images/02.jpg,264848,OK,
13,ECTO STICKERS,ecto-stickers,1,https://assets.bigcartel.com/product_images/332263788/stickers.png,3924,2954,products/013_ecto-stickers,products/013_ecto-stickers/images/01.png,867534,OK,
14,WTESC - Mighty Max Head Sticker Sheet,mighty-max-head-sticker-sheet,1,https://assets.bigcartel.com/product_images/331757685/PXL_20220318_192544355.MP.jpg,3072,4080,products/014_mighty-max-head-sticker-sheet,products/014_mighty-max-head-sticker-sheet/images/01.jpg,552596,OK,
15,The Boy in the Plastic Clamshell,the-boy-in-the-plastic-clamshell,1,https://assets.bigcartel.com/product_images/257337143/IMG_20200401_091748.jpg,1544,3872,products/015_the-boy-in-the-plastic-clamshell,products/015_the-boy-in-the-plastic-clamshell/images/01.jpg,185571,OK,
15,The Boy in the Plastic Clamshell,the-boy-in-the-plastic-clamshell,2,https://assets.bigcartel.com/product_images/257337149/IMG_20200401_091809.jpg,1697,4032,products/015_the-boy-in-the-plastic-clamshell,products/015_the-boy-in-the-plastic-clamshell/images/02.jpg,245939,OK,
15,The Boy in the Plastic Clamshell,the-boy-in-the-plastic-clamshell,3,https://assets.bigcartel.com/product_images/257337146/IMG_20200401_091828.jpg,1454,3541,products/015_the-boy-in-the-plastic-clamshell,products/015_the-boy-in-the-plastic-clamshell/images/03.jpg,265378,OK,
15,The Boy in the Plastic Clamshell,the-boy-in-the-plastic-clamshell,4,https://assets.bigcartel.com/product_images/257337140/IMG_20200401_092133.jpg,1771,3495,products/015_the-boy-in-the-plastic-clamshell,products/015_the-boy-in-the-plastic-clamshell/images/04.jpg,210196,OK,
15,The Boy in the Plastic Clamshell,the-boy-in-the-plastic-clamshell,5,https://assets.bigcartel.com/product_images/257337152/IMG_20200401_092015.jpg,3024,4032,products/015_the-boy-in-the-plastic-clamshell,products/015_the-boy-in-the-plastic-clamshell/images/05.jpg,458161,OK,
16,Okamura Punch - The drink with a kick!,okamura-punch-the-drink-with-a-kick,1,https://assets.bigcartel.com/product_images/360328387/received_219151604177609.jpeg,1080,1080,products/016_okamura-punch-the-drink-with-a-kick,products/016_okamura-punch-the-drink-with-a-kick/images/01.jpg,282340,OK,
16,Okamura Punch - The drink with a kick!,okamura-punch-the-drink-with-a-kick,2,https://assets.bigcartel.com/product_images/360331873/PXL_20230507_201027763.png,1000,654,products/016_okamura-punch-the-drink-with-a-kick,products/016_okamura-punch-the-drink-with-a-kick/images/02.png,84192,OK,
16,Okamura Punch - The drink with a kick!,okamura-punch-the-drink-with-a-kick,3,https://assets.bigcartel.com/product_images/360328573/Screenshot+2023-05-07+at+3.29.57+PM.png,1184,1006,products/016_okamura-punch-the-drink-with-a-kick,products/016_okamura-punch-the-drink-with-a-kick/images/03.png,434929,OK,
16,Okamura Punch - The drink with a kick!,okamura-punch-the-drink-with-a-kick,4,https://assets.bigcartel.com/product_images/360328624/Screenshot+2023-05-07+at+3.30.31+PM.png,760,558,products/016_okamura-punch-the-drink-with-a-kick,products/016_okamura-punch-the-drink-with-a-kick/images/04.png,155898,OK,
16,Okamura Punch - The drink with a kick!,okamura-punch-the-drink-with-a-kick,5,https://assets.bigcartel.com/product_images/360332215/635b85427a02747d5f1ed407ca080a41.jpg,720,405,products/016_okamura-punch-the-drink-with-a-kick,products/016_okamura-punch-the-drink-with-a-kick/images/05.jpg,25459,OK,
17,Simian Cheese's GOLDENBALLS - Foamy Sophia,foamy-sophia,1,https://assets.bigcartel.com/product_images/360328126/received_906418020417331.jpeg,1080,1080,products/017_foamy-sophia,products/017_foamy-sophia/images/01.jpg,352579,OK,
17,Simian Cheese's GOLDENBALLS - Foamy Sophia,foamy-sophia,2,https://assets.bigcartel.com/product_images/360328132/PXL_20230227_221354551.jpg,3072,4080,products/017_foamy-sophia,products/017_foamy-sophia/images/02.jpg,338348,OK,
17,Simian Cheese's GOLDENBALLS - Foamy Sophia,foamy-sophia,3,https://assets.bigcartel.com/product_images/360328195/PXL_20230226_182603729.MP.jpg,3072,4080,products/017_foamy-sophia,products/017_foamy-sophia/images/03.jpg,228817,OK,
17,Simian Cheese's GOLDENBALLS - Foamy Sophia,foamy-sophia,4,https://assets.bigcartel.com/product_images/360328276/Screenshot+2023-05-07+at+3.25.49+PM.png,1246,1300,products/017_foamy-sophia,products/017_foamy-sophia/images/04.png,481222,OK,
17,Simian Cheese's GOLDENBALLS - Foamy Sophia,foamy-sophia,5,https://assets.bigcartel.com/product_images/360334714/PXL_20230507_202052395.png,4080,3072,products/017_foamy-sophia,products/017_foamy-sophia/images/05.png,291710,OK,
18,The Legend Punch Dispenser,the-legend-punch-dispenser,1,https://assets.bigcartel.com/product_images/360327958/original_cab976fe-3134-4e61-93e9-f0b26f559c70_PXL_20230423_231952318.png,1000,1328,products/018_the-legend-punch-dispenser,products/018_the-legend-punch-dispenser/images/01.png,408852,OK,
18,The Legend Punch Dispenser,the-legend-punch-dispenser,2,https://assets.bigcartel.com/product_images/360327808/PXL_20230423_232021687~2.jpg,3072,4080,products/018_the-legend-punch-dispenser,products/018_the-legend-punch-dispenser/images/02.jpg,493076,OK,
18,The Legend Punch Dispenser,the-legend-punch-dispenser,3,https://assets.bigcartel.com/product_images/360334837/Screenshot+2023-05-07+at+4.56.27+PM.png,942,850,products/018_the-legend-punch-dispenser,products/018_the-legend-punch-dispenser/images/03.png,248840,OK,
18,The Legend Punch Dispenser,the-legend-punch-dispenser,4,https://assets.bigcartel.com/product_images/360334849/received_932853018000245.jpeg,1080,1080,products/018_the-legend-punch-dispenser,products/018_the-legend-punch-dispenser/images/04.jpg,229739,OK,
19,Simian Cheese's Nugget Buddies,simian-cheese-s-nugget-buddies,1,https://assets.bigcartel.com/product_images/347141194/nugget_buddies.png,1000,753,products/019_simian-cheese-s-nugget-buddies,products/019_simian-cheese-s-nugget-buddies/images/01.png,444321,OK,
19,Simian Cheese's Nugget Buddies,simian-cheese-s-nugget-buddies,2,https://assets.bigcartel.com/product_images/347141308/guy_nug.png,1000,753,products/019_simian-cheese-s-nugget-buddies,products/019_simian-cheese-s-nugget-buddies/images/02.png,404053,OK,
19,Simian Cheese's Nugget Buddies,simian-cheese-s-nugget-buddies,3,https://assets.bigcartel.com/product_images/347141305/girl_nug.png,1000,753,products/019_simian-cheese-s-nugget-buddies,products/019_simian-cheese-s-nugget-buddies/images/03.png,381889,OK,
19,Simian Cheese's Nugget Buddies,simian-cheese-s-nugget-buddies,4,https://assets.bigcartel.com/product_images/347141311/nugs.png,1000,753,products/019_simian-cheese-s-nugget-buddies,products/019_simian-cheese-s-nugget-buddies/images/04.png,474862,OK,
19,Simian Cheese's Nugget Buddies,simian-cheese-s-nugget-buddies,5,https://assets.bigcartel.com/product_images/347141302/hand_nug.png,567,753,products/019_simian-cheese-s-nugget-buddies,products/019_simian-cheese-s-nugget-buddies/images/05.png,283948,OK,
20,Simian Cheese's Monster Mess,simian-cheese-s-monster-mess,1,https://assets.bigcartel.com/product_images/331758573/PXL_20220329_181717859.MP.jpg,3072,4080,products/020_simian-cheese-s-monster-mess,products/020_simian-cheese-s-monster-mess/images/01.jpg,148963,OK,
20,Simian Cheese's Monster Mess,simian-cheese-s-monster-mess,2,https://assets.bigcartel.com/product_images/331776240/PXL_20220329_181724435.MP.jpg,3072,4080,products/020_simian-cheese-s-monster-mess,products/020_simian-cheese-s-monster-mess/images/02.jpg,175979,OK,
20,Simian Cheese's Monster Mess,simian-cheese-s-monster-mess,3,https://assets.bigcartel.com/product_images/331758471/PXL_20220307_233626688.MP.jpg,3072,4080,products/020_simian-cheese-s-monster-mess,products/020_simian-cheese-s-monster-mess/images/03.jpg,246876,OK,
20,Simian Cheese's Monster Mess,simian-cheese-s-monster-mess,4,https://assets.bigcartel.com/product_images/331758474/PXL_20220307_233605459.jpg,3072,4080,products/020_simian-cheese-s-monster-mess,products/020_simian-cheese-s-monster-mess/images/04.jpg,355714,OK,
20,Simian Cheese's Monster Mess,simian-cheese-s-monster-mess,5,https://assets.bigcartel.com/product_images/331758567/PXL_20220329_181428692.MP.jpg,3072,2668,products/020_simian-cheese-s-monster-mess,products/020_simian-cheese-s-monster-mess/images/05.jpg,208323,OK,
21,One Spin of the Simian T Mystery Machine,one-spin-of-the-simian-t-mystery-machine,1,https://assets.bigcartel.com/product_images/340504259/296045404_5196872627101149_6431196863559603271_n.jpg,1080,1080,products/021_one-spin-of-the-simian-t-mystery-machine,products/021_one-spin-of-the-simian-t-mystery-machine/images/01.jpg,343185,OK,
21,One Spin of the Simian T Mystery Machine,one-spin-of-the-simian-t-mystery-machine,2,https://assets.bigcartel.com/product_images/340504262/295902992_727266221909050_666727961045997666_n.jpg,624,351,products/021_one-spin-of-the-simian-t-mystery-machine,products/021_one-spin-of-the-simian-t-mystery-machine/images/02.jpg,41418,OK,
21,One Spin of the Simian T Mystery Machine,one-spin-of-the-simian-t-mystery-machine,3,https://assets.bigcartel.com/product_images/340504265/PXL_20220723_192432252.MP+_1_.jpg,3072,4080,products/021_one-spin-of-the-simian-t-mystery-machine,products/021_one-spin-of-the-simian-t-mystery-machine/images/03.jpg,293480,OK,
22,One Spin of the Mc-E-D's Machine,one-spin-of-the-mc-e-d-s-machine,1,https://assets.bigcartel.com/product_images/340504559/295878680_1230403541059223_3144468496353306864_n.jpg,1080,1080,products/022_one-spin-of-the-mc-e-d-s-machine,products/022_one-spin-of-the-mc-e-d-s-machine/images/01.jpg,348435,OK,
22,One Spin of the Mc-E-D's Machine,one-spin-of-the-mc-e-d-s-machine,2,https://assets.bigcartel.com/product_images/340504598/PXL_20220730_132142000.MP.jpg,3072,4080,products/022_one-spin-of-the-mc-e-d-s-machine,products/022_one-spin-of-the-mc-e-d-s-machine/images/02.jpg,162324,OK,
22,One Spin of the Mc-E-D's Machine,one-spin-of-the-mc-e-d-s-machine,3,https://assets.bigcartel.com/product_images/340504601/PXL_20220730_132244384.MP.jpg,3072,4080,products/022_one-spin-of-the-mc-e-d-s-machine,products/022_one-spin-of-the-mc-e-d-s-machine/images/03.jpg,155624,OK,
22,One Spin of the Mc-E-D's Machine,one-spin-of-the-mc-e-d-s-machine,4,https://assets.bigcartel.com/product_images/340504604/PXL_20220730_132007916.MP.jpg,3072,4080,products/022_one-spin-of-the-mc-e-d-s-machine,products/022_one-spin-of-the-mc-e-d-s-machine/images/04.jpg,135008,OK,
22,One Spin of the Mc-E-D's Machine,one-spin-of-the-mc-e-d-s-machine,5,https://assets.bigcartel.com/product_images/340504763/PXL_20220723_193122098.MP.png,1374,3187,products/022_one-spin-of-the-mc-e-d-s-machine,products/022_one-spin-of-the-mc-e-d-s-machine/images/05.png,500836,OK,
23,The Scumbag,the-scumbag,1,https://assets.bigcartel.com/product_images/331759767/SB1.png,1000,674,products/023_the-scumbag,products/023_the-scumbag/images/01.png,356426,OK,
23,The Scumbag,the-scumbag,2,https://assets.bigcartel.com/product_images/331759740/SB2.png,1000,657,products/023_the-scumbag,products/023_the-scumbag/images/02.png,357247,OK,
23,The Scumbag,the-scumbag,3,https://assets.bigcartel.com/product_images/331759743/SB3.png,1000,753,products/023_the-scumbag,products/023_the-scumbag/images/03.png,1571475,OK,
24,Return of the Crypt Creeper's Return,return-of-the-crypt-creeper-s-return,1,https://assets.bigcartel.com/product_images/320005086/creeper_visible.png,4032,3024,products/024_return-of-the-crypt-creeper-s-return,products/024_return-of-the-crypt-creeper-s-return/images/01.png,885152,OK,
24,Return of the Crypt Creeper's Return,return-of-the-crypt-creeper-s-return,2,https://assets.bigcartel.com/product_images/320004771/creeper_dark.jpg,4032,3024,products/024_return-of-the-crypt-creeper-s-return,products/024_return-of-the-crypt-creeper-s-return/images/02.jpg,292903,OK,
24,Return of the Crypt Creeper's Return,return-of-the-crypt-creeper-s-return,3,https://assets.bigcartel.com/product_images/320004618/creeper_uv.png,4032,3024,products/024_return-of-the-crypt-creeper-s-return,products/024_return-of-the-crypt-creeper-s-return/images/03.png,151186,OK,
24,Return of the Crypt Creeper's Return,return-of-the-crypt-creeper-s-return,4,https://assets.bigcartel.com/product_images/320004993/PXL_20211021_194548412.jpeg,768,576,products/024_return-of-the-crypt-creeper-s-return,products/024_return-of-the-crypt-creeper-s-return/images/04.jpg,72397,OK,
24,Return of the Crypt Creeper's Return,return-of-the-crypt-creeper-s-return,5,https://assets.bigcartel.com/product_images/320004996/PXL_20211021_194648358.jpeg,768,1024,products/024_return-of-the-crypt-creeper-s-return,products/024_return-of-the-crypt-creeper-s-return/images/05.jpg,150551,OK,
25,Rata de Arbol Satanica (Satanic Tree Rat),rata-de-arbol-satanica-satanic-tree-rat,1,https://assets.bigcartel.com/product_images/318923379/PXL_20211023_124645862.jpg,4032,3024,products/025_rata-de-arbol-satanica-satanic-tree-rat,products/025_rata-de-arbol-satanica-satanic-tree-rat/images/01.jpg,174845,OK,
25,Rata de Arbol Satanica (Satanic Tree Rat),rata-de-arbol-satanica-satanic-tree-rat,2,https://assets.bigcartel.com/product_images/318923367/PXL_20211023_124922412.jpg,4032,3024,products/025_rata-de-arbol-satanica-satanic-tree-rat,products/025_rata-de-arbol-satanica-satanic-tree-rat/images/02.jpg,142381,OK,
25,Rata de Arbol Satanica (Satanic Tree Rat),rata-de-arbol-satanica-satanic-tree-rat,3,https://assets.bigcartel.com/product_images/318923370/PXL_20211023_124909070.jpg,4032,3024,products/025_rata-de-arbol-satanica-satanic-tree-rat,products/025_rata-de-arbol-satanica-satanic-tree-rat/images/03.jpg,252590,OK,
25,Rata de Arbol Satanica (Satanic Tree Rat),rata-de-arbol-satanica-satanic-tree-rat,4,https://assets.bigcartel.com/product_images/318923373/PXL_20211023_124837110.jpg,4032,3024,products/025_rata-de-arbol-satanica-satanic-tree-rat,products/025_rata-de-arbol-satanica-satanic-tree-rat/images/04.jpg,126466,OK,
25,Rata de Arbol Satanica (Satanic Tree Rat),rata-de-arbol-satanica-satanic-tree-rat,5,https://assets.bigcartel.com/product_images/318923787/PXL_20211019_201207004.jpg,3024,4032,products/025_rata-de-arbol-satanica-satanic-tree-rat,products/025_rata-de-arbol-satanica-satanic-tree-rat/images/05.jpg,362951,OK,
26,The Blood King,the-blood-king,1,https://assets.bigcartel.com/product_images/231899768/IMG_20190208_171648.jpg,2152,3771,products/026_the-blood-king,products/026_the-blood-king/images/01.jpg,194029,OK,
26,The Blood King,the-blood-king,2,https://assets.bigcartel.com/product_images/231899765/IMG_20190208_171849.jpg,2820,3712,products/026_the-blood-king,products/026_the-blood-king/images/02.jpg,235203,OK,
27,Return of the Crypt Creeper,return-of-the-crypt-creeper,1,https://assets.bigcartel.com/product_images/318922917/PXL_20211021_194548412.jpg,4032,3024,products/027_return-of-the-crypt-creeper,products/027_return-of-the-crypt-creeper/images/01.jpg,284032,OK,
27,Return of the Crypt Creeper,return-of-the-crypt-creeper,2,https://assets.bigcartel.com/product_images/318922848/PXL_20211023_125156574.png,4032,3024,products/027_return-of-the-crypt-creeper,products/027_return-of-the-crypt-creeper/images/02.png,218699,OK,
27,Return of the Crypt Creeper,return-of-the-crypt-creeper,3,https://assets.bigcartel.com/product_images/318922887/PXL_20211023_125126581.png,3650,2235,products/027_return-of-the-crypt-creeper,products/027_return-of-the-crypt-creeper/images/03.png,237264,OK,
27,Return of the Crypt Creeper,return-of-the-crypt-creeper,4,https://assets.bigcartel.com/product_images/318922920/PXL_20211021_194648358.jpg,3024,4032,products/027_return-of-the-crypt-creeper,products/027_return-of-the-crypt-creeper/images/04.jpg,371346,OK,
28,Return of the Crypt Creeper - One offs,return-of-the-crypt-creeper-one-offs,1,https://assets.bigcartel.com/product_images/318924696/PXL_20211023_125646651.jpg,3024,4032,products/028_return-of-the-crypt-creeper-one-offs,products/028_return-of-the-crypt-creeper-one-offs/images/01.jpg,136794,OK,
28,Return of the Crypt Creeper - One offs,return-of-the-crypt-creeper-one-offs,2,https://assets.bigcartel.com/product_images/318923010/PXL_20211023_125753180.jpg,4032,3024,products/028_return-of-the-crypt-creeper-one-offs,products/028_return-of-the-crypt-creeper-one-offs/images/02.jpg,156502,OK,
28,Return of the Crypt Creeper - One offs,return-of-the-crypt-creeper-one-offs,3,https://assets.bigcartel.com/product_images/318923001/PXL_20211023_125237053.jpg,4032,3024,products/028_return-of-the-crypt-creeper-one-offs,products/028_return-of-the-crypt-creeper-one-offs/images/03.jpg,102610,OK,
28,Return of the Crypt Creeper - One offs,return-of-the-crypt-creeper-one-offs,4,https://assets.bigcartel.com/product_images/318923007/PXL_20211023_125837595.jpg,4032,3024,products/028_return-of-the-crypt-creeper-one-offs,products/028_return-of-the-crypt-creeper-one-offs/images/04.jpg,86937,OK,
28,Return of the Crypt Creeper - One offs,return-of-the-crypt-creeper-one-offs,5,https://assets.bigcartel.com/product_images/318923325/PXL_20211021_194548412.jpg,4032,3024,products/028_return-of-the-crypt-creeper-one-offs,products/028_return-of-the-crypt-creeper-one-offs/images/05.jpg,284032,OK,
29,Rata de Arbol Satanica (Satanic Tree Rat) - Others,rata-de-arbol-satanica-satanic-tree-rat-others,1,https://assets.bigcartel.com/product_images/318923610/PXL_20211019_194008335.jpg,3024,4032,products/029_rata-de-arbol-satanica-satanic-tree-rat-others,products/029_rata-de-arbol-satanica-satanic-tree-rat-others/images/01.jpg,272673,OK,
29,Rata de Arbol Satanica (Satanic Tree Rat) - Others,rata-de-arbol-satanica-satanic-tree-rat-others,2,https://assets.bigcartel.com/product_images/318923622/PXL_20211023_124711297.jpg,4032,3024,products/029_rata-de-arbol-satanica-satanic-tree-rat-others,products/029_rata-de-arbol-satanica-satanic-tree-rat-others/images/02.jpg,107722,OK,
30,Vinny Barbarainbow,vinny-barbarainbow,1,https://assets.bigcartel.com/product_images/294720090/PXL_20210204_004509109.jpg,3595,2138,products/030_vinny-barbarainbow,products/030_vinny-barbarainbow/images/01.jpg,373434,OK,
30,Vinny Barbarainbow,vinny-barbarainbow,2,https://assets.bigcartel.com/product_images/294720087/PXL_20210204_004524135.jpg,3824,2323,products/030_vinny-barbarainbow,products/030_vinny-barbarainbow/images/02.jpg,284318,OK,
30,Vinny Barbarainbow,vinny-barbarainbow,3,https://assets.bigcartel.com/product_images/294720093/PXL_20210110_230820765~2.jpg,3024,4032,products/030_vinny-barbarainbow,products/030_vinny-barbarainbow/images/03.jpg,365581,OK,
31,BerniE.T. Part II: Beyond the Pale,bernie-t-part-ii-beyond-the-pale,1,https://assets.bigcartel.com/product_images/294719625/PXL_20210131_225814746.jpg,3024,4032,products/031_bernie-t-part-ii-beyond-the-pale,products/031_bernie-t-part-ii-beyond-the-pale/images/01.jpg,143861,OK,
31,BerniE.T. Part II: Beyond the Pale,bernie-t-part-ii-beyond-the-pale,2,https://assets.bigcartel.com/product_images/294719622/PXL_20210204_004602528.jpg,4032,2795,products/031_bernie-t-part-ii-beyond-the-pale,products/031_bernie-t-part-ii-beyond-the-pale/images/02.jpg,262355,OK,
31,BerniE.T. Part II: Beyond the Pale,bernie-t-part-ii-beyond-the-pale,3,https://assets.bigcartel.com/product_images/294851802/PXL_20210206_161328620.jpg,3294,2723,products/031_bernie-t-part-ii-beyond-the-pale,products/031_bernie-t-part-ii-beyond-the-pale/images/03.jpg,272012,OK,
31,BerniE.T. Part II: Beyond the Pale,bernie-t-part-ii-beyond-the-pale,4,https://assets.bigcartel.com/product_images/294851799/PXL_20210206_161339836.jpg,3982,2230,products/031_bernie-t-part-ii-beyond-the-pale,products/031_bernie-t-part-ii-beyond-the-pale/images/04.jpg,250494,OK,
32,Mork & Monkey,mork-monkey,1,https://assets.bigcartel.com/product_images/294719883/PXL_20210115_220102689.jpg,3024,3936,products/032_mork-monkey,products/032_mork-monkey/images/01.jpg,367236,OK,
32,Mork & Monkey,mork-monkey,2,https://assets.bigcartel.com/product_images/294719886/PXL_20210115_220324545.jpg,2936,3907,products/032_mork-monkey,products/032_mork-monkey/images/02.jpg,490670,OK,
32,Mork & Monkey,mork-monkey,3,https://assets.bigcartel.com/product_images/294719874/PXL_20210115_211859776.jpg,3024,4032,products/032_mork-monkey,products/032_mork-monkey/images/03.jpg,136683,OK,
32,Mork & Monkey,mork-monkey,4,https://assets.bigcartel.com/product_images/294719877/PXL_20210115_211835872.jpg,3024,4032,products/032_mork-monkey,products/032_mork-monkey/images/04.jpg,121599,OK,
32,Mork & Monkey,mork-monkey,5,https://assets.bigcartel.com/product_images/294719880/PXL_20210115_212111294.jpg,3024,4032,products/032_mork-monkey,products/032_mork-monkey/images/05.jpg,143475,OK,
33,Johnny De-Kai : Raw Meat Edition,johnny-de-kai,1,https://assets.bigcartel.com/product_images/279911063/PXL_20201004_205953329.jpg,2966,3040,products/033_johnny-de-kai,products/033_johnny-de-kai/images/01.jpg,359109,OK,
33,Johnny De-Kai : Raw Meat Edition,johnny-de-kai,2,https://assets.bigcartel.com/product_images/279911066/PXL_20201004_205931195.jpg,2852,3124,products/033_johnny-de-kai,products/033_johnny-de-kai/images/02.jpg,347282,OK,
33,Johnny De-Kai : Raw Meat Edition,johnny-de-kai,3,https://assets.bigcartel.com/product_images/279911069/PXL_20201004_160431178.jpg,3024,4032,products/033_johnny-de-kai,products/033_johnny-de-kai/images/03.jpg,172044,OK,
33,Johnny De-Kai : Raw Meat Edition,johnny-de-kai,4,https://assets.bigcartel.com/product_images/279911072/PXL_20201004_160325700.jpg,3024,4032,products/033_johnny-de-kai,products/033_johnny-de-kai/images/04.jpg,174386,OK,
33,Johnny De-Kai : Raw Meat Edition,johnny-de-kai,5,https://assets.bigcartel.com/product_images/279911078/PXL_20200921_224000789.jpg,3024,4032,products/033_johnny-de-kai,products/033_johnny-de-kai/images/05.jpg,268195,OK,
34,Johnny De-Kai One-Offs,johnny-de-kai-one-offs,1,https://assets.bigcartel.com/product_images/279923861/johhny1.jpg,1000,566,products/034_johnny-de-kai-one-offs,products/034_johnny-de-kai-one-offs/images/01.jpg,110095,OK,
34,Johnny De-Kai One-Offs,johnny-de-kai-one-offs,2,https://assets.bigcartel.com/product_images/279923864/johhny2.jpg,1000,572,products/034_johnny-de-kai-one-offs,products/034_johnny-de-kai-one-offs/images/02.jpg,127662,OK,
34,Johnny De-Kai One-Offs,johnny-de-kai-one-offs,3,https://assets.bigcartel.com/product_images/279923858/johhny3.jpg,500,656,products/034_johnny-de-kai-one-offs,products/034_johnny-de-kai-one-offs/images/03.jpg,61683,OK,
35,Wasteland Punx,wasteland-punx,1,https://assets.bigcartel.com/product_images/257337728/00100lrPORTRAIT_00100_BURST20200330174536641_COVER.jpg,3024,4032,products/035_wasteland-punx,products/035_wasteland-punx/images/01.jpg,158732,OK,
35,Wasteland Punx,wasteland-punx,2,https://assets.bigcartel.com/product_images/257337740/91569045_234100174373766_7820704583486799872_n.jpg,1080,1230,products/035_wasteland-punx,products/035_wasteland-punx/images/02.jpg,368617,OK,
35,Wasteland Punx,wasteland-punx,3,https://assets.bigcartel.com/product_images/257337758/IMG_20200403_083940+_1_.jpg,3024,4032,products/035_wasteland-punx,products/035_wasteland-punx/images/03.jpg,523063,OK,
36,The Accomplice Hand - The Bad One 4 & 5,the-accomplice-hand-the-bad-one,1,https://assets.bigcartel.com/product_images/302574360/4.png,3024,4032,products/036_the-accomplice-hand-the-bad-one,products/036_the-accomplice-hand-the-bad-one/images/01.png,837786,OK,
36,The Accomplice Hand - The Bad One 4 & 5,the-accomplice-hand-the-bad-one,2,https://assets.bigcartel.com/product_images/302574357/4b.png,3024,4032,products/036_the-accomplice-hand-the-bad-one,products/036_the-accomplice-hand-the-bad-one/images/02.png,830558,OK,
36,The Accomplice Hand - The Bad One 4 & 5,the-accomplice-hand-the-bad-one,3,https://assets.bigcartel.com/product_images/302574492/5.png,3024,4032,products/036_the-accomplice-hand-the-bad-one,products/036_the-accomplice-hand-the-bad-one/images/03.png,822392,OK,
36,The Accomplice Hand - The Bad One 4 & 5,the-accomplice-hand-the-bad-one,4,https://assets.bigcartel.com/product_images/302574495/5b.png,3024,4032,products/036_the-accomplice-hand-the-bad-one,products/036_the-accomplice-hand-the-bad-one/images/04.png,780248,OK,
36,The Accomplice Hand - The Bad One 4 & 5,the-accomplice-hand-the-bad-one,5,https://assets.bigcartel.com/product_images/302588640/hand.jpg,1299,1480,products/036_the-accomplice-hand-the-bad-one,products/036_the-accomplice-hand-the-bad-one/images/05.jpg,480291,OK,
37,Hypno Ghoul Head - by Mr. Evil and Simian & Sons  - EINP,hypno-ghoul-head-by-mr-evil-and-simian-sons-def,1,https://assets.bigcartel.com/product_images/263902013/einp.png,1038,576,products/037_hypno-ghoul-head-by-mr-evil-and-simian-sons-def,products/037_hypno-ghoul-head-by-mr-evil-and-simian-sons-def/images/01.png,319518,OK,
37,Hypno Ghoul Head - by Mr. Evil and Simian & Sons  - EINP,hypno-ghoul-head-by-mr-evil-and-simian-sons-def,2,https://assets.bigcartel.com/product_images/262221614/titl.png,1000,507,products/037_hypno-ghoul-head-by-mr-evil-and-simian-sons-def,products/037_hypno-ghoul-head-by-mr-evil-and-simian-sons-def/images/02.png,323088,OK,
37,Hypno Ghoul Head - by Mr. Evil and Simian & Sons  - EINP,hypno-ghoul-head-by-mr-evil-and-simian-sons-def,3,https://assets.bigcartel.com/product_images/262221143/IMG_20200517_195011.jpg,3024,4032,products/037_hypno-ghoul-head-by-mr-evil-and-simian-sons-def,products/037_hypno-ghoul-head-by-mr-evil-and-simian-sons-def/images/03.jpg,140565,OK,
37,Hypno Ghoul Head - by Mr. Evil and Simian & Sons  - EINP,hypno-ghoul-head-by-mr-evil-and-simian-sons-def,4,https://assets.bigcartel.com/product_images/262221140/IMG_20200517_194948.jpg,3024,4032,products/037_hypno-ghoul-head-by-mr-evil-and-simian-sons-def,products/037_hypno-ghoul-head-by-mr-evil-and-simian-sons-def/images/04.jpg,196342,OK,
38,The Accomplice Hand - The Bad One 6 & 7,the-accomplice-hand-the-bad-one-6-7,1,https://assets.bigcartel.com/product_images/302574642/6b.png,3024,4032,products/038_the-accomplice-hand-the-bad-one-6-7,products/038_the-accomplice-hand-the-bad-one-6-7/images/01.png,784937,OK,
38,The Accomplice Hand - The Bad One 6 & 7,the-accomplice-hand-the-bad-one-6-7,2,https://assets.bigcartel.com/product_images/302574645/6.png,3024,4032,products/038_the-accomplice-hand-the-bad-one-6-7,products/038_the-accomplice-hand-the-bad-one-6-7/images/02.png,770761,OK,
38,The Accomplice Hand - The Bad One 6 & 7,the-accomplice-hand-the-bad-one-6-7,3,https://assets.bigcartel.com/product_images/302574780/7.png,3024,4032,products/038_the-accomplice-hand-the-bad-one-6-7,products/038_the-accomplice-hand-the-bad-one-6-7/images/03.png,836441,OK,
38,The Accomplice Hand - The Bad One 6 & 7,the-accomplice-hand-the-bad-one-6-7,4,https://assets.bigcartel.com/product_images/302574783/7b.png,3024,4032,products/038_the-accomplice-hand-the-bad-one-6-7,products/038_the-accomplice-hand-the-bad-one-6-7/images/04.png,829979,OK,
39,Weird Wendys,weird-wendys,1,https://assets.bigcartel.com/product_images/302576652/PXL_20210418_181130766.jpg,3024,4032,products/039_weird-wendys,products/039_weird-wendys/images/01.jpg,355905,OK,
39,Weird Wendys,weird-wendys,2,https://assets.bigcartel.com/product_images/302576649/PXL_20210418_181146910.jpg,3024,4032,products/039_weird-wendys,products/039_weird-wendys/images/02.jpg,299994,OK,
39,Weird Wendys,weird-wendys,3,https://assets.bigcartel.com/product_images/302576832/PXL_20210418_181108034.jpg,3024,4032,products/039_weird-wendys,products/039_weird-wendys/images/03.jpg,277283,OK,
39,Weird Wendys,weird-wendys,4,https://assets.bigcartel.com/product_images/302577822/PXL_20210418_181030767.jpg,3024,4032,products/039_weird-wendys,products/039_weird-wendys/images/04.jpg,259967,OK,
39,Weird Wendys,weird-wendys,5,https://assets.bigcartel.com/product_images/302577819/PXL_20210418_181041100.jpg,3024,4032,products/039_weird-wendys,products/039_weird-wendys/images/05.jpg,306106,OK,
40,Inter-Dimensional Beast,inter-dimensional-beast,1,https://assets.bigcartel.com/product_images/308908779/PXL_20210615_170106522.jpg,3024,4032,products/040_inter-dimensional-beast,products/040_inter-dimensional-beast/images/01.jpg,390521,OK,
40,Inter-Dimensional Beast,inter-dimensional-beast,2,https://assets.bigcartel.com/product_images/308908839/PXL_20210615_150507273.jpg,2747,3634,products/040_inter-dimensional-beast,products/040_inter-dimensional-beast/images/02.jpg,274105,OK,
40,Inter-Dimensional Beast,inter-dimensional-beast,3,https://assets.bigcartel.com/product_images/308908836/PXL_20210615_150525748.jpg,2943,3788,products/040_inter-dimensional-beast,products/040_inter-dimensional-beast/images/03.jpg,321613,OK,
40,Inter-Dimensional Beast,inter-dimensional-beast,4,https://assets.bigcartel.com/product_images/308908773/PXL_20210615_165537129.MP.jpg,2052,2561,products/040_inter-dimensional-beast,products/040_inter-dimensional-beast/images/04.jpg,136867,OK,
40,Inter-Dimensional Beast,inter-dimensional-beast,5,https://assets.bigcartel.com/product_images/308908776/PXL_20210615_165408712.jpg,3024,4032,products/040_inter-dimensional-beast,products/040_inter-dimensional-beast/images/05.jpg,123030,OK,
41,"The Accomplice Hand - The Good One # 1, #2 & #3",the-accomplice-hand,1,https://assets.bigcartel.com/product_images/302573961/1.png,3024,4032,products/041_the-accomplice-hand,products/041_the-accomplice-hand/images/01.png,793106,OK,
41,"The Accomplice Hand - The Good One # 1, #2 & #3",the-accomplice-hand,2,https://assets.bigcartel.com/product_images/302574027/2.png,3024,4032,products/041_the-accomplice-hand,products/041_the-accomplice-hand/images/02.png,833343,OK,
41,"The Accomplice Hand - The Good One # 1, #2 & #3",the-accomplice-hand,3,https://assets.bigcartel.com/product_images/302574120/3.png,3024,4032,products/041_the-accomplice-hand,products/041_the-accomplice-hand/images/03.png,784412,OK,
41,"The Accomplice Hand - The Good One # 1, #2 & #3",the-accomplice-hand,4,https://assets.bigcartel.com/product_images/302588622/hand.jpg,1299,1480,products/041_the-accomplice-hand,products/041_the-accomplice-hand/images/04.jpg,480291,OK,
42,Route 1 Saugus Mini-Golf Dino,route-1-saugus-mini-golf-dino,1,https://assets.bigcartel.com/product_images/312143655/PXL_20210731_194029559.jpg,3024,2945,products/042_route-1-saugus-mini-golf-dino,products/042_route-1-saugus-mini-golf-dino/images/01.jpg,363006,OK,
42,Route 1 Saugus Mini-Golf Dino,route-1-saugus-mini-golf-dino,2,https://assets.bigcartel.com/product_images/312143658/PXL_20210731_193957433.jpg,3024,2607,products/042_route-1-saugus-mini-golf-dino,products/042_route-1-saugus-mini-golf-dino/images/02.jpg,369349,OK,
42,Route 1 Saugus Mini-Golf Dino,route-1-saugus-mini-golf-dino,3,https://assets.bigcartel.com/product_images/312144942/CQ5SNKTC6UI6LOFLXW4DXQBQBI.jpeg,1440,932,products/042_route-1-saugus-mini-golf-dino,products/042_route-1-saugus-mini-golf-dino/images/03.jpg,182029,OK,
43,LEGEND IN MY POCKET,legend-in-my-pocket,1,https://assets.bigcartel.com/product_images/308907174/PXL_20210615_003503064.MP.jpg,3024,4032,products/043_legend-in-my-pocket,products/043_legend-in-my-pocket/images/01.jpg,486795,OK,
43,LEGEND IN MY POCKET,legend-in-my-pocket,2,https://assets.bigcartel.com/product_images/308906571/PXL_20210623_160326995.jpg,4032,3024,products/043_legend-in-my-pocket,products/043_legend-in-my-pocket/images/02.jpg,243135,OK,
43,LEGEND IN MY POCKET,legend-in-my-pocket,3,https://assets.bigcartel.com/product_images/308880396/PXL_20210622_183240833.MP.jpg,3024,2233,products/043_legend-in-my-pocket,products/043_legend-in-my-pocket/images/03.jpg,141590,OK,
43,LEGEND IN MY POCKET,legend-in-my-pocket,4,https://assets.bigcartel.com/product_images/308907087/LIMPheader.png,750,1200,products/043_legend-in-my-pocket,products/043_legend-in-my-pocket/images/04.png,514547,OK,
43,LEGEND IN MY POCKET,legend-in-my-pocket,5,https://assets.bigcartel.com/product_images/308880381/PXL_20210531_133950908.jpg,3024,4032,products/043_legend-in-my-pocket,products/043_legend-in-my-pocket/images/05.jpg,312561,OK,
44,Resinsaurs,resinsaurs,1,https://assets.bigcartel.com/product_images/312143379/PXL_20210731_194852912.jpg,3024,3169,products/044_resinsaurs,products/044_resinsaurs/images/01.jpg,407858,OK,
44,Resinsaurs,resinsaurs,2,https://assets.bigcartel.com/product_images/312143382/PXL_20210731_194759624.jpg,3024,3430,products/044_resinsaurs,products/044_resinsaurs/images/02.jpg,480803,OK,
44,Resinsaurs,resinsaurs,3,https://assets.bigcartel.com/product_images/312143385/PXL_20210731_193634755.jpg,2969,2773,products/044_resinsaurs,products/044_resinsaurs/images/03.jpg,520933,OK,
44,Resinsaurs,resinsaurs,4,https://assets.bigcartel.com/product_images/312143388/PXL_20210731_193619024.jpg,3024,2999,products/044_resinsaurs,products/044_resinsaurs/images/04.jpg,462200,OK,
44,Resinsaurs,resinsaurs,5,https://assets.bigcartel.com/product_images/312143391/PXL_20210731_193608572.jpg,3024,2913,products/044_resinsaurs,products/044_resinsaurs/images/05.jpg,509000,OK,
45,Dinosaurs Have Been Eating My Toys,dinosaurs-have-been-eating-my-toys,1,https://assets.bigcartel.com/product_images/312143892/PXL_20210731_193757008.jpg,3024,2884,products/045_dinosaurs-have-been-eating-my-toys,products/045_dinosaurs-have-been-eating-my-toys/images/01.jpg,578862,OK,
45,Dinosaurs Have Been Eating My Toys,dinosaurs-have-been-eating-my-toys,2,https://assets.bigcartel.com/product_images/312143895/PXL_20210731_193739003.jpg,3024,3034,products/045_dinosaurs-have-been-eating-my-toys,products/045_dinosaurs-have-been-eating-my-toys/images/02.jpg,625683,OK,
45,Dinosaurs Have Been Eating My Toys,dinosaurs-have-been-eating-my-toys,3,https://assets.bigcartel.com/product_images/312143898/PXL_20210731_193510562.jpg,3024,2748,products/045_dinosaurs-have-been-eating-my-toys,products/045_dinosaurs-have-been-eating-my-toys/images/03.jpg,428873,OK,
45,Dinosaurs Have Been Eating My Toys,dinosaurs-have-been-eating-my-toys,4,https://assets.bigcartel.com/product_images/312143901/PXL_20210731_193538257.jpg,3024,3122,products/045_dinosaurs-have-been-eating-my-toys,products/045_dinosaurs-have-been-eating-my-toys/images/04.jpg,495818,OK,
46,One Spin of the Monkey Machine,one-spin-of-the-monkey-machine,1,https://assets.bigcartel.com/product_images/302580375/PXL_20210418_193557724.jpg,2939,3870,products/046_one-spin-of-the-monkey-machine,products/046_one-spin-of-the-monkey-machine/images/01.jpg,558365,OK,
46,One Spin of the Monkey Machine,one-spin-of-the-monkey-machine,2,https://assets.bigcartel.com/product_images/302581353/PXL_20210418_194812813.jpg,3024,4032,products/046_one-spin-of-the-monkey-machine,products/046_one-spin-of-the-monkey-machine/images/02.jpg,277004,OK,
46,One Spin of the Monkey Machine,one-spin-of-the-monkey-machine,3,https://assets.bigcartel.com/product_images/302581347/PXL_20210418_194847918.jpg,3632,2538,products/046_one-spin-of-the-monkey-machine,products/046_one-spin-of-the-monkey-machine/images/03.jpg,225037,OK,
46,One Spin of the Monkey Machine,one-spin-of-the-monkey-machine,4,https://assets.bigcartel.com/product_images/302581350/PXL_20210418_194938959.jpg,3024,3266,products/046_one-spin-of-the-monkey-machine,products/046_one-spin-of-the-monkey-machine/images/04.jpg,341586,OK,
46,One Spin of the Monkey Machine,one-spin-of-the-monkey-machine,5,https://assets.bigcartel.com/product_images/302581356/PXL_20210418_194915480.jpg,3024,3534,products/046_one-spin-of-the-monkey-machine,products/046_one-spin-of-the-monkey-machine/images/05.jpg,321742,OK,
47,Glo-Bones Wendy - Wendy 1 & Wendy 2,glo-bones-wendy,1,https://assets.bigcartel.com/product_images/302575905/w1b.png,3024,4032,products/047_glo-bones-wendy,products/047_glo-bones-wendy/images/01.png,827534,OK,
47,Glo-Bones Wendy - Wendy 1 & Wendy 2,glo-bones-wendy,2,https://assets.bigcartel.com/product_images/302575908/w1.png,3024,4032,products/047_glo-bones-wendy,products/047_glo-bones-wendy/images/02.png,1004034,OK,
47,Glo-Bones Wendy - Wendy 1 & Wendy 2,glo-bones-wendy,3,https://assets.bigcartel.com/product_images/302576124/w2.png,1000,1333,products/047_glo-bones-wendy,products/047_glo-bones-wendy/images/03.png,757378,OK,
47,Glo-Bones Wendy - Wendy 1 & Wendy 2,glo-bones-wendy,4,https://assets.bigcartel.com/product_images/302576121/w2b.png,1000,1333,products/047_glo-bones-wendy,products/047_glo-bones-wendy/images/04.png,765726,OK,
47,Glo-Bones Wendy - Wendy 1 & Wendy 2,glo-bones-wendy,5,https://assets.bigcartel.com/product_images/302588883/175000515_601599821237218_625219221809566932_n.jpg,1080,1080,products/047_glo-bones-wendy,products/047_glo-bones-wendy/images/05.jpg,241405,OK,
48,Glo-Bones Wendy - Wendy 3 ,glo-bones-wendy-wendy-3-wendy-4,1,https://assets.bigcartel.com/product_images/302576385/w3b.png,1000,1333,products/048_glo-bones-wendy-wendy-3-wendy-4,products/048_glo-bones-wendy-wendy-3-wendy-4/images/01.png,775240,OK,
48,Glo-Bones Wendy - Wendy 3 ,glo-bones-wendy-wendy-3-wendy-4,2,https://assets.bigcartel.com/product_images/302576382/w3.png,1000,1333,products/048_glo-bones-wendy-wendy-3-wendy-4,products/048_glo-bones-wendy-wendy-3-wendy-4/images/02.png,560377,OK,
48,Glo-Bones Wendy - Wendy 3 ,glo-bones-wendy-wendy-3-wendy-4,3,https://assets.bigcartel.com/product_images/302588886/175000515_601599821237218_625219221809566932_n.jpg,1080,1080,products/048_glo-bones-wendy-wendy-3-wendy-4,products/048_glo-bones-wendy-wendy-3-wendy-4/images/03.jpg,241405,OK,
49,Cycloptus the Unstoppable Titan,cycloptus-the-unstoppable-terror,1,https://assets.bigcartel.com/product_images/288714891/Screen+Shot+2020-12-10+at+4.03.04+PM.png,2322,1258,products/049_cycloptus-the-unstoppable-terror,products/049_cycloptus-the-unstoppable-terror/images/01.png,555620,OK,
49,Cycloptus the Unstoppable Titan,cycloptus-the-unstoppable-terror,2,https://assets.bigcartel.com/product_images/288715017/Screen+Shot+2020-12-10+at+4.03.49+PM.png,3354,1864,products/049_cycloptus-the-unstoppable-terror,products/049_cycloptus-the-unstoppable-terror/images/02.png,613024,OK,
49,Cycloptus the Unstoppable Titan,cycloptus-the-unstoppable-terror,3,https://assets.bigcartel.com/product_images/288714630/PXL_20201207_000133803+_1_.jpg,4032,3024,products/049_cycloptus-the-unstoppable-terror,products/049_cycloptus-the-unstoppable-terror/images/03.jpg,370514,OK,
49,Cycloptus the Unstoppable Titan,cycloptus-the-unstoppable-terror,4,https://assets.bigcartel.com/product_images/288715167/Untitled-2.png,1000,1000,products/049_cycloptus-the-unstoppable-terror,products/049_cycloptus-the-unstoppable-terror/images/04.png,388182,OK,
49,Cycloptus the Unstoppable Titan,cycloptus-the-unstoppable-terror,5,https://assets.bigcartel.com/product_images/288715197/Untitled-3.png,1000,1000,products/049_cycloptus-the-unstoppable-terror,products/049_cycloptus-the-unstoppable-terror/images/05.png,405813,OK,
50,Udon Master One-Offs,udon-master-one-offs,1,https://assets.bigcartel.com/product_images/279924521/udon.jpg,1000,618,products/050_udon-master-one-offs,products/050_udon-master-one-offs/images/01.jpg,132042,OK,
50,Udon Master One-Offs,udon-master-one-offs,2,https://assets.bigcartel.com/product_images/279924524/udon1.jpg,852,651,products/050_udon-master-one-offs,products/050_udon-master-one-offs/images/02.jpg,122003,OK,
51,Mad Spout,mad-spout,1,https://assets.bigcartel.com/product_images/263906750/IMG_20200531_155448.jpg,4032,2555,products/051_mad-spout,products/051_mad-spout/images/01.jpg,130590,OK,
51,Mad Spout,mad-spout,2,https://assets.bigcartel.com/product_images/263906753/IMG_20200531_155518.jpg,4032,2191,products/051_mad-spout,products/051_mad-spout/images/02.jpg,74697,OK,
51,Mad Spout,mad-spout,3,https://assets.bigcartel.com/product_images/263906783/Untitled-1.jpg,1080,1230,products/051_mad-spout,products/051_mad-spout/images/03.jpg,289936,OK,
51,Mad Spout,mad-spout,4,https://assets.bigcartel.com/product_images/263906834/IMG_20200528_083549.jpg,2770,4032,products/051_mad-spout,products/051_mad-spout/images/04.jpg,256043,OK,
52,EDC Pocket Dog - Flaccid,edc-pocket-dog-flaccid,1,https://assets.bigcartel.com/product_images/294849855/PXL_20210206_143827979.jpg,1667,3963,products/052_edc-pocket-dog-flaccid,products/052_edc-pocket-dog-flaccid/images/01.jpg,96629,OK,
52,EDC Pocket Dog - Flaccid,edc-pocket-dog-flaccid,2,https://assets.bigcartel.com/product_images/294849858/PXL_20210206_143838612.jpg,3024,4032,products/052_edc-pocket-dog-flaccid,products/052_edc-pocket-dog-flaccid/images/02.jpg,161417,OK,
52,EDC Pocket Dog - Flaccid,edc-pocket-dog-flaccid,3,https://assets.bigcartel.com/product_images/294849849/PXL_20210206_144035820.jpg,2053,3746,products/052_edc-pocket-dog-flaccid,products/052_edc-pocket-dog-flaccid/images/03.jpg,156831,OK,
52,EDC Pocket Dog - Flaccid,edc-pocket-dog-flaccid,4,https://assets.bigcartel.com/product_images/294849852/PXL_20210206_144029641.jpg,2415,3974,products/052_edc-pocket-dog-flaccid,products/052_edc-pocket-dog-flaccid/images/04.jpg,169783,OK,
53,Derpy Dogs,derpy-dogs,1,https://assets.bigcartel.com/product_images/294852558/PXL_20210206_162213683.jpg,3024,4032,products/053_derpy-dogs,products/053_derpy-dogs/images/01.jpg,269724,OK,
54,Barrel of Monkeys from Hell,barrel-of-monkeys-from-hell,1,https://assets.bigcartel.com/product_images/294851880/PXL_20210206_150759662.jpg,3024,4032,products/054_barrel-of-monkeys-from-hell,products/054_barrel-of-monkeys-from-hell/images/01.jpg,256541,OK,
54,Barrel of Monkeys from Hell,barrel-of-monkeys-from-hell,2,https://assets.bigcartel.com/product_images/294851883/PXL_20210206_150355665.jpg,3024,4032,products/054_barrel-of-monkeys-from-hell,products/054_barrel-of-monkeys-from-hell/images/02.jpg,195324,OK,
55,Simian Cheese Super Stocking Stuffer Satchel,simian-cheese-super-stocking-stuffer-satchel,1,https://assets.bigcartel.com/product_images/288709620/PXL_20201210_195638109.jpg,3024,3100,products/055_simian-cheese-super-stocking-stuffer-satchel,products/055_simian-cheese-super-stocking-stuffer-satchel/images/01.jpg,207027,OK,
55,Simian Cheese Super Stocking Stuffer Satchel,simian-cheese-super-stocking-stuffer-satchel,2,https://assets.bigcartel.com/product_images/288709629/PXL_20201210_195845827.jpg,3024,4032,products/055_simian-cheese-super-stocking-stuffer-satchel,products/055_simian-cheese-super-stocking-stuffer-satchel/images/02.jpg,177035,OK,
55,Simian Cheese Super Stocking Stuffer Satchel,simian-cheese-super-stocking-stuffer-satchel,3,https://assets.bigcartel.com/product_images/288709626/PXL_20201210_195817063.jpg,2633,3754,products/055_simian-cheese-super-stocking-stuffer-satchel,products/055_simian-cheese-super-stocking-stuffer-satchel/images/03.jpg,168924,OK,
55,Simian Cheese Super Stocking Stuffer Satchel,simian-cheese-super-stocking-stuffer-satchel,4,https://assets.bigcartel.com/product_images/288716445/PXL_20201210_195956926.jpg,2619,3920,products/055_simian-cheese-super-stocking-stuffer-satchel,products/055_simian-cheese-super-stocking-stuffer-satchel/images/04.jpg,118033,OK,
55,Simian Cheese Super Stocking Stuffer Satchel,simian-cheese-super-stocking-stuffer-satchel,5,https://assets.bigcartel.com/product_images/288716487/PXL_20201210_200023378.jpg,2342,3754,products/055_simian-cheese-super-stocking-stuffer-satchel,products/055_simian-cheese-super-stocking-stuffer-satchel/images/05.jpg,154562,OK,
56,Udon Master : Color Change Edition - Brown to Cooked Udon,udon-master,1,https://assets.bigcartel.com/product_images/260508824/udon3.gif,500,682,products/056_udon-master,products/056_udon-master/images/01.gif,7369506,OK,
56,Udon Master : Color Change Edition - Brown to Cooked Udon,udon-master,2,https://assets.bigcartel.com/product_images/279924851/PXL_20201007_144202733.jpg,1902,2732,products/056_udon-master,products/056_udon-master/images/02.jpg,293491,OK,
56,Udon Master : Color Change Edition - Brown to Cooked Udon,udon-master,3,https://assets.bigcartel.com/product_images/260506976/IMG_20200428_083352.jpg,3024,4032,products/056_udon-master,products/056_udon-master/images/03.jpg,181935,OK,
57,Rex Kwon-Do : Army Green Edition,rex-kwon-do,1,https://assets.bigcartel.com/product_images/279910610/00100lrPORTRAIT_00100_BURST20200907174232498_COVER.jpg,3024,4032,products/057_rex-kwon-do,products/057_rex-kwon-do/images/01.jpg,264842,OK,
57,Rex Kwon-Do : Army Green Edition,rex-kwon-do,2,https://assets.bigcartel.com/product_images/279910607/00100lrPORTRAIT_00100_BURST20200907174305248_COVER.jpg,3024,4032,products/057_rex-kwon-do,products/057_rex-kwon-do/images/02.jpg,271681,OK,
57,Rex Kwon-Do : Army Green Edition,rex-kwon-do,3,https://assets.bigcartel.com/product_images/279910721/PXL_20201004_205733775.jpg,2922,3403,products/057_rex-kwon-do,products/057_rex-kwon-do/images/03.jpg,457365,OK,
57,Rex Kwon-Do : Army Green Edition,rex-kwon-do,4,https://assets.bigcartel.com/product_images/279910718/PXL_20201004_205827528.jpg,2869,3236,products/057_rex-kwon-do,products/057_rex-kwon-do/images/04.jpg,535221,OK,
60,Rex Kwon-Do One-Offs,rex-kwon-do-one-offs,1,https://assets.bigcartel.com/product_images/279923096/rex.jpg,1000,600,products/058_rex-kwon-do-one-offs,products/058_rex-kwon-do-one-offs/images/01.jpg,126736,OK,
60,Rex Kwon-Do One-Offs,rex-kwon-do-one-offs,2,https://assets.bigcartel.com/product_images/279923099/rex2.jpg,1000,590,products/058_rex-kwon-do-one-offs,products/058_rex-kwon-do-one-offs/images/02.jpg,128317,OK,
60,Rex Kwon-Do One-Offs,rex-kwon-do-one-offs,3,https://assets.bigcartel.com/product_images/279923102/rex3.jpg,1000,1488,products/058_rex-kwon-do-one-offs,products/058_rex-kwon-do-one-offs/images/03.jpg,273907,OK,
61,Freakos #8 CASSY SPELLA,freakos-8-cassy-spella,1,https://assets.bigcartel.com/product_images/288722838/PXL_20201210_215403069.jpg,3024,4032,products/059_freakos-8-cassy-spella,products/059_freakos-8-cassy-spella/images/01.jpg,150892,OK,
61,Freakos #8 CASSY SPELLA,freakos-8-cassy-spella,2,https://assets.bigcartel.com/product_images/288722829/PXL_20201210_215433146.jpg,3024,4032,products/059_freakos-8-cassy-spella,products/059_freakos-8-cassy-spella/images/02.jpg,127479,OK,
61,Freakos #8 CASSY SPELLA,freakos-8-cassy-spella,3,https://assets.bigcartel.com/product_images/288722835/PXL_20201210_215421529.jpg,3024,4032,products/059_freakos-8-cassy-spella,products/059_freakos-8-cassy-spella/images/03.jpg,146494,OK,
61,Freakos #8 CASSY SPELLA,freakos-8-cassy-spella,4,https://assets.bigcartel.com/product_images/288722856/freakos+bag.jpg,933,1828,products/059_freakos-8-cassy-spella,products/059_freakos-8-cassy-spella/images/04.jpg,353882,OK,
62,MiniJuice and Mini Mound,minijuice-and-mini-mound,1,https://assets.bigcartel.com/product_images/281809157/PXL_20201022_211918951.jpg,4032,2239,products/060_minijuice-and-mini-mound,products/060_minijuice-and-mini-mound/images/01.jpg,179907,OK,
62,MiniJuice and Mini Mound,minijuice-and-mini-mound,2,https://assets.bigcartel.com/product_images/281809151/PXL_20201022_211936668.jpg,4032,1965,products/060_minijuice-and-mini-mound,products/060_minijuice-and-mini-mound/images/02.jpg,177138,OK,
62,MiniJuice and Mini Mound,minijuice-and-mini-mound,3,https://assets.bigcartel.com/product_images/281809154/PXL_20201022_211839636.jpg,4032,2337,products/060_minijuice-and-mini-mound,products/060_minijuice-and-mini-mound/images/03.jpg,281267,OK,
63,EDC Pocket Dog,edc-pocked-hot-dog,1,https://assets.bigcartel.com/product_images/279972737/PXL_20201007_192913320.jpg,4032,3024,products/061_edc-pocked-hot-dog,products/061_edc-pocked-hot-dog/images/01.jpg,157369,OK,
63,EDC Pocket Dog,edc-pocked-hot-dog,2,https://assets.bigcartel.com/product_images/279972740/PXL_20201007_192901653.jpg,4032,3024,products/061_edc-pocked-hot-dog,products/061_edc-pocked-hot-dog/images/02.jpg,202844,OK,
64,Random Grape Ape,grap-ape,1,https://assets.bigcartel.com/product_images/279972326/PXL_20201007_192949795.jpg,3024,4032,products/062_grap-ape,products/062_grap-ape/images/01.jpg,271432,OK,
64,Random Grape Ape,grap-ape,2,https://assets.bigcartel.com/product_images/279972329/PXL_20201007_192923328.jpg,3024,4032,products/062_grap-ape,products/062_grap-ape/images/02.jpg,282831,OK,
65,Freako #7 Fu Manchu,freako-7-fu-manchu,1,https://assets.bigcartel.com/product_images/268053839/IMG_20200703_143816+_1_.jpg,3024,3014,products/063_freako-7-fu-manchu,products/063_freako-7-fu-manchu/images/01.jpg,199031,OK,
65,Freako #7 Fu Manchu,freako-7-fu-manchu,2,https://assets.bigcartel.com/product_images/268053905/freakos+bag.jpg,933,1828,products/063_freako-7-fu-manchu,products/063_freako-7-fu-manchu/images/02.jpg,359772,OK,
65,Freako #7 Fu Manchu,freako-7-fu-manchu,3,https://assets.bigcartel.com/product_images/268053938/IMG_20200701_113647.jpg,2571,3070,products/063_freako-7-fu-manchu,products/063_freako-7-fu-manchu/images/03.jpg,113467,OK,
66,KILLER CONDIMENT MUSTARD HARMBURGER,xxx,1,https://assets.bigcartel.com/product_images/245712602/harmyellofront.png,3024,2314,products/064_xxx,products/064_xxx/images/01.png,481686,OK,
66,KILLER CONDIMENT MUSTARD HARMBURGER,xxx,2,https://assets.bigcartel.com/product_images/245712605/harmyelloside.png,3024,2374,products/064_xxx,products/064_xxx/images/02.png,484194,OK,
66,KILLER CONDIMENT MUSTARD HARMBURGER,xxx,3,https://assets.bigcartel.com/product_images/245712599/harmyelloback.png,3024,2205,products/064_xxx,products/064_xxx/images/03.png,452830,OK,
66,KILLER CONDIMENT MUSTARD HARMBURGER,xxx,4,https://assets.bigcartel.com/product_images/245712395/IMG_20190929_095523.jpg,2352,3979,products/064_xxx,products/064_xxx/images/04.jpg,314797,OK,
66,KILLER CONDIMENT MUSTARD HARMBURGER,xxx,5,https://assets.bigcartel.com/product_images/245712398/IMG_20190929_095549.jpg,2402,3928,products/064_xxx,products/064_xxx/images/05.jpg,318862,OK,
67,2 INCH Micro Mutants,2-inch-micro-mutants,1,https://assets.bigcartel.com/product_images/254468189/IMG_20200218_130951.jpg,3024,4032,products/065_2-inch-micro-mutants,products/065_2-inch-micro-mutants/images/01.jpg,358572,OK,
67,2 INCH Micro Mutants,2-inch-micro-mutants,2,https://assets.bigcartel.com/product_images/254468243/IMG_20200218_132727.jpg,3024,4032,products/065_2-inch-micro-mutants,products/065_2-inch-micro-mutants/images/02.jpg,156006,OK,
67,2 INCH Micro Mutants,2-inch-micro-mutants,3,https://assets.bigcartel.com/product_images/254468186/IMG_20200218_132711.jpg,3024,4032,products/065_2-inch-micro-mutants,products/065_2-inch-micro-mutants/images/03.jpg,188123,OK,
67,2 INCH Micro Mutants,2-inch-micro-mutants,4,https://assets.bigcartel.com/product_images/254468195/IMG_20200218_131112.jpg,3024,4032,products/065_2-inch-micro-mutants,products/065_2-inch-micro-mutants/images/04.jpg,390644,OK,
67,2 INCH Micro Mutants,2-inch-micro-mutants,5,https://assets.bigcartel.com/product_images/254468261/IMG_20200218_131008.jpg,3024,4032,products/065_2-inch-micro-mutants,products/065_2-inch-micro-mutants/images/05.jpg,316991,OK,
68,Derpy Dave,derpy-dave,1,https://assets.bigcartel.com/product_images/255912392/IMG_20200316_185258.jpg,2268,3024,products/066_derpy-dave,products/066_derpy-dave/images/01.jpg,215064,OK,
68,Derpy Dave,derpy-dave,2,https://assets.bigcartel.com/product_images/255912458/IMG_20200316_184614+_1_.jpg,1131,1297,products/066_derpy-dave,products/066_derpy-dave/images/02.jpg,270687,OK,
68,Derpy Dave,derpy-dave,3,https://assets.bigcartel.com/product_images/255912395/IMG_20200316_185222.jpg,2268,3024,products/066_derpy-dave,products/066_derpy-dave/images/03.jpg,242944,OK,
68,Derpy Dave,derpy-dave,4,https://assets.bigcartel.com/product_images/255912488/IMG_20200316_184335.jpg,3024,4032,products/066_derpy-dave,products/066_derpy-dave/images/04.jpg,277010,OK,
68,Derpy Dave,derpy-dave,5,https://assets.bigcartel.com/product_images/255912398/IMG_20200316_185142.jpg,2268,3024,products/066_derpy-dave,products/066_derpy-dave/images/05.jpg,212610,OK,
69,Kosmo Nugget,kosmo-nugget,1,https://assets.bigcartel.com/product_images/250800485/IMG_20191211_0848412.jpg,3024,4032,products/067_kosmo-nugget,products/067_kosmo-nugget/images/01.jpg,318468,OK,
69,Kosmo Nugget,kosmo-nugget,2,https://assets.bigcartel.com/product_images/250781537/IMG_20191211_210231.jpg,3024,4032,products/067_kosmo-nugget,products/067_kosmo-nugget/images/02.jpg,445971,OK,
69,Kosmo Nugget,kosmo-nugget,3,https://assets.bigcartel.com/product_images/250781900/00100lrPORTRAIT_00100_BURST20191211210352062_COVER.jpg,3024,4032,products/067_kosmo-nugget,products/067_kosmo-nugget/images/03.jpg,273918,OK,
69,Kosmo Nugget,kosmo-nugget,4,https://assets.bigcartel.com/product_images/250781783/IMG_20191118_172210.png,2552,2493,products/067_kosmo-nugget,products/067_kosmo-nugget/images/04.png,688827,OK,
69,Kosmo Nugget,kosmo-nugget,5,https://assets.bigcartel.com/product_images/250781750/IMG_20191211_085506.jpg,2984,3003,products/067_kosmo-nugget,products/067_kosmo-nugget/images/05.jpg,333062,OK,
70,Kung Fu Claw,kung-fu-claw,1,https://assets.bigcartel.com/product_images/272049965/IMG_20200802_101927.jpg,2678,3268,products/068_kung-fu-claw,products/068_kung-fu-claw/images/01.jpg,492918,OK,
70,Kung Fu Claw,kung-fu-claw,2,https://assets.bigcartel.com/product_images/272049851/MVIMG_20200805_142954.jpg,2698,3288,products/068_kung-fu-claw,products/068_kung-fu-claw/images/02.jpg,289041,OK,
70,Kung Fu Claw,kung-fu-claw,3,https://assets.bigcartel.com/product_images/272050775/claw1.png,1000,591,products/068_kung-fu-claw,products/068_kung-fu-claw/images/03.png,373575,OK,
70,Kung Fu Claw,kung-fu-claw,4,https://assets.bigcartel.com/product_images/272050784/claw2.png,1000,591,products/068_kung-fu-claw,products/068_kung-fu-claw/images/04.png,358251,OK,
70,Kung Fu Claw,kung-fu-claw,5,https://assets.bigcartel.com/product_images/272050844/IMG_20200802_101748.jpg,3024,4032,products/068_kung-fu-claw,products/068_kung-fu-claw/images/05.jpg,461737,OK,
71,Neon Helping Hand v2.0,neon-helping-hand-v2-0,1,https://assets.bigcartel.com/product_images/263902328/IMG_20200528_083525.jpg,2713,4032,products/069_neon-helping-hand-v2-0,products/069_neon-helping-hand-v2-0/images/01.jpg,265158,OK,
71,Neon Helping Hand v2.0,neon-helping-hand-v2-0,2,https://assets.bigcartel.com/product_images/263906426/IMG_20200531_155328.jpg,4032,3024,products/069_neon-helping-hand-v2-0,products/069_neon-helping-hand-v2-0/images/02.jpg,88182,OK,
71,Neon Helping Hand v2.0,neon-helping-hand-v2-0,3,https://assets.bigcartel.com/product_images/263906459/IMG_20200531_155219.jpg,4032,3024,products/069_neon-helping-hand-v2-0,products/069_neon-helping-hand-v2-0/images/03.jpg,108245,OK,
71,Neon Helping Hand v2.0,neon-helping-hand-v2-0,4,https://assets.bigcartel.com/product_images/263906495/header+card-90s.jpg,1299,1480,products/069_neon-helping-hand-v2-0,products/069_neon-helping-hand-v2-0/images/04.jpg,436046,OK,
71,Neon Helping Hand v2.0,neon-helping-hand-v2-0,5,https://assets.bigcartel.com/product_images/263908901/wiinner.png,3024,4032,products/069_neon-helping-hand-v2-0,products/069_neon-helping-hand-v2-0/images/05.png,778541,OK,
72,Monstro - Random color - Put color preference in order notes,monstro,1,https://assets.bigcartel.com/product_images/268045733/IMG_20200703_143518.jpg,4032,2311,products/070_monstro,products/070_monstro/images/01.jpg,333085,OK,
72,Monstro - Random color - Put color preference in order notes,monstro,2,https://assets.bigcartel.com/product_images/268045832/1.png,1000,1863,products/070_monstro,products/070_monstro/images/02.png,626005,OK,
72,Monstro - Random color - Put color preference in order notes,monstro,3,https://assets.bigcartel.com/product_images/268045880/IMG_20200624_161258.jpg,3024,4032,products/070_monstro,products/070_monstro/images/03.jpg,287277,OK,
72,Monstro - Random color - Put color preference in order notes,monstro,4,https://assets.bigcartel.com/product_images/268045883/IMG_20200624_154637.jpg,3024,4032,products/070_monstro,products/070_monstro/images/04.jpg,308539,OK,
72,Monstro - Random color - Put color preference in order notes,monstro,5,https://assets.bigcartel.com/product_images/268045886/IMG_20200624_153714.jpg,3024,4032,products/070_monstro,products/070_monstro/images/05.jpg,285946,OK,
74,Slime Planet Puggernaut - Official OMFG Exclusive,slime-planet-puggernaut,1,https://assets.bigcartel.com/product_images/236853857/58419893_2321200351496782_8372814851201826816_n.jpg,1650,1650,products/071_slime-planet-puggernaut,products/071_slime-planet-puggernaut/images/01.jpg,175064,OK,
74,Slime Planet Puggernaut - Official OMFG Exclusive,slime-planet-puggernaut,2,https://assets.bigcartel.com/product_images/236853869/58420353_591465244672566_732775764918796288_n.jpg,1837,1837,products/071_slime-planet-puggernaut,products/071_slime-planet-puggernaut/images/02.jpg,177807,OK,
74,Slime Planet Puggernaut - Official OMFG Exclusive,slime-planet-puggernaut,3,https://assets.bigcartel.com/product_images/236853860/58375425_295402588038071_2469898553623838720_n.jpg,2419,1361,products/071_slime-planet-puggernaut,products/071_slime-planet-puggernaut/images/03.jpg,150573,OK,
74,Slime Planet Puggernaut - Official OMFG Exclusive,slime-planet-puggernaut,4,https://assets.bigcartel.com/product_images/236853863/58460365_345572152763591_8157618280794685440_n.jpg,2805,1578,products/071_slime-planet-puggernaut,products/071_slime-planet-puggernaut/images/04.jpg,126936,OK,
74,Slime Planet Puggernaut - Official OMFG Exclusive,slime-planet-puggernaut,5,https://assets.bigcartel.com/product_images/236853875/58462031_430963200798262_4084821826176286720_n.jpg,2008,1048,products/071_slime-planet-puggernaut,products/071_slime-planet-puggernaut/images/05.jpg,443508,OK,
75,5 Random Mini Helping Hands - Put color pref in order notes,5-random-mini-helping-hands,1,https://assets.bigcartel.com/product_images/268053248/IMG_20200702_165150.jpg,4032,3024,products/072_5-random-mini-helping-hands,products/072_5-random-mini-helping-hands/images/01.jpg,205127,OK,
75,5 Random Mini Helping Hands - Put color pref in order notes,5-random-mini-helping-hands,2,https://assets.bigcartel.com/product_images/268053251/IMG_20200702_165140.jpg,4032,3024,products/072_5-random-mini-helping-hands,products/072_5-random-mini-helping-hands/images/02.jpg,242231,OK,
75,5 Random Mini Helping Hands - Put color pref in order notes,5-random-mini-helping-hands,3,https://assets.bigcartel.com/product_images/268053254/IMG_20200702_165133.jpg,4032,3024,products/072_5-random-mini-helping-hands,products/072_5-random-mini-helping-hands/images/03.jpg,262137,OK,
76,Jabba the Nugg,jabba-the-nugg,1,https://assets.bigcartel.com/product_images/257455112/IMG_20200220_183228.png,768,1024,products/073_jabba-the-nugg,products/073_jabba-the-nugg/images/01.png,339865,OK,
76,Jabba the Nugg,jabba-the-nugg,2,https://assets.bigcartel.com/product_images/257338367/IMG_20200309_164707.jpg,3024,4032,products/073_jabba-the-nugg,products/073_jabba-the-nugg/images/02.jpg,293342,OK,
76,Jabba the Nugg,jabba-the-nugg,3,https://assets.bigcartel.com/product_images/257338361/IMG_20200312_133933.jpg,3024,4032,products/073_jabba-the-nugg,products/073_jabba-the-nugg/images/03.jpg,352169,OK,
76,Jabba the Nugg,jabba-the-nugg,4,https://assets.bigcartel.com/product_images/257455121/IMG_20200405_160324.jpg,3024,4032,products/073_jabba-the-nugg,products/073_jabba-the-nugg/images/04.jpg,213427,OK,
76,Jabba the Nugg,jabba-the-nugg,5,https://assets.bigcartel.com/product_images/257455127/IMG_20200405_160339.jpg,3024,4032,products/073_jabba-the-nugg,products/073_jabba-the-nugg/images/05.jpg,158177,OK,
77,Random Thunder Lips Mini - Loose,random-thunder-lips-mini,1,https://assets.bigcartel.com/product_images/263907524/IMG_20200531_154315.jpg,4032,3024,products/074_random-thunder-lips-mini,products/074_random-thunder-lips-mini/images/01.jpg,162168,OK,
78,Thunder Dog,thunder-dog,1,https://assets.bigcartel.com/product_images/263902730/IMG_20200528_105823.jpg,3024,4032,products/075_thunder-dog,products/075_thunder-dog/images/01.jpg,136761,OK,
78,Thunder Dog,thunder-dog,2,https://assets.bigcartel.com/product_images/263902733/IMG_20200528_105758.jpg,3024,4032,products/075_thunder-dog,products/075_thunder-dog/images/02.jpg,217470,OK,
78,Thunder Dog,thunder-dog,3,https://assets.bigcartel.com/product_images/263902736/IMG_20200528_105735.jpg,3024,4032,products/075_thunder-dog,products/075_thunder-dog/images/03.jpg,214320,OK,
78,Thunder Dog,thunder-dog,4,https://assets.bigcartel.com/product_images/263902739/IMG_20200528_110241.jpg,3024,4032,products/075_thunder-dog,products/075_thunder-dog/images/04.jpg,380878,OK,
78,Thunder Dog,thunder-dog,5,https://assets.bigcartel.com/product_images/263907176/IMG_20200531_154225.png,2315,3024,products/075_thunder-dog,products/075_thunder-dog/images/05.png,1147361,OK,
79,KILLER CONDIMENT KETCHUP HARMBURGER,harmburger,1,https://assets.bigcartel.com/product_images/245712188/harmburberketchup.png,3023,2393,products/076_harmburger,products/076_harmburger/images/01.png,469265,OK,
79,KILLER CONDIMENT KETCHUP HARMBURGER,harmburger,2,https://assets.bigcartel.com/product_images/245712743/harmburberketchupside.png,3024,2617,products/076_harmburger,products/076_harmburger/images/02.png,627016,OK,
79,KILLER CONDIMENT KETCHUP HARMBURGER,harmburger,3,https://assets.bigcartel.com/product_images/245712341/harmburberketchupback.png,3024,2354,products/076_harmburger,products/076_harmburger/images/03.png,538664,OK,
79,KILLER CONDIMENT KETCHUP HARMBURGER,harmburger,4,https://assets.bigcartel.com/product_images/245712056/IMG_20190929_095428.jpg,2275,3840,products/076_harmburger,products/076_harmburger/images/04.jpg,245229,OK,
79,KILLER CONDIMENT KETCHUP HARMBURGER,harmburger,5,https://assets.bigcartel.com/product_images/245712059/IMG_20190929_095458.jpg,2622,3979,products/076_harmburger,products/076_harmburger/images/05.jpg,345959,OK,
80,Freakos #3  - GID Bad Mummy ,gid-bad-mummy-freakos-3,1,https://assets.bigcartel.com/product_images/247696760/00000IMG_00000_BURST20191030192832175_COVER.jpg,3024,4032,products/077_gid-bad-mummy-freakos-3,products/077_gid-bad-mummy-freakos-3/images/01.jpg,247075,OK,
80,Freakos #3  - GID Bad Mummy ,gid-bad-mummy-freakos-3,2,https://assets.bigcartel.com/product_images/247714835/IMG_20191031_194604.jpg,3024,4032,products/077_gid-bad-mummy-freakos-3,products/077_gid-bad-mummy-freakos-3/images/02.jpg,107051,OK,
80,Freakos #3  - GID Bad Mummy ,gid-bad-mummy-freakos-3,3,https://assets.bigcartel.com/product_images/247714934/IMG_20191031_194841.jpg,3024,3990,products/077_gid-bad-mummy-freakos-3,products/077_gid-bad-mummy-freakos-3/images/03.jpg,210630,OK,
80,Freakos #3  - GID Bad Mummy ,gid-bad-mummy-freakos-3,4,https://assets.bigcartel.com/product_images/247698593/freakosMummy.png,933,1828,products/077_gid-bad-mummy-freakos-3,products/077_gid-bad-mummy-freakos-3/images/04.png,475078,OK,
81,3 INCH Mini Mutant,3-inch-mini-mutant,1,https://assets.bigcartel.com/product_images/254373773/IMG_20200217_111217+_1_.jpg,4032,3024,products/078_3-inch-mini-mutant,products/078_3-inch-mini-mutant/images/01.jpg,228516,OK,
81,3 INCH Mini Mutant,3-inch-mini-mutant,2,https://assets.bigcartel.com/product_images/254374481/IMG_20200217_111404+_1_.jpg,3024,4032,products/078_3-inch-mini-mutant,products/078_3-inch-mini-mutant/images/02.jpg,235569,OK,
81,3 INCH Mini Mutant,3-inch-mini-mutant,3,https://assets.bigcartel.com/product_images/254374475/IMG_20200217_111813+_1_.jpg,3024,4032,products/078_3-inch-mini-mutant,products/078_3-inch-mini-mutant/images/03.jpg,139531,OK,
81,3 INCH Mini Mutant,3-inch-mini-mutant,4,https://assets.bigcartel.com/product_images/254375162/IMG_20200218_132711+_2_.jpg,3024,4032,products/078_3-inch-mini-mutant,products/078_3-inch-mini-mutant/images/04.jpg,188123,OK,
82,Freakos #5 - Double Pour Cruel Ghoul,freakos-5-cruel-ghoul,1,https://assets.bigcartel.com/product_images/257336831/IMG_20200403_084015.jpg,3024,4032,products/079_freakos-5-cruel-ghoul,products/079_freakos-5-cruel-ghoul/images/01.jpg,390664,OK,
82,Freakos #5 - Double Pour Cruel Ghoul,freakos-5-cruel-ghoul,2,https://assets.bigcartel.com/product_images/257336828/IMG_20200403_084057.jpg,3024,4032,products/079_freakos-5-cruel-ghoul,products/079_freakos-5-cruel-ghoul/images/02.jpg,370344,OK,
82,Freakos #5 - Double Pour Cruel Ghoul,freakos-5-cruel-ghoul,3,https://assets.bigcartel.com/product_images/257336834/freakos+bag.jpg,933,1828,products/079_freakos-5-cruel-ghoul,products/079_freakos-5-cruel-ghoul/images/03.jpg,356847,OK,
82,Freakos #5 - Double Pour Cruel Ghoul,freakos-5-cruel-ghoul,4,https://assets.bigcartel.com/product_images/257459918/miscast.png,3024,4032,products/079_freakos-5-cruel-ghoul,products/079_freakos-5-cruel-ghoul/images/04.png,604857,OK,
83,Freakos #5 - Cruel Ghoul Bloody Mary Version,freakos-5-cruel-ghoul-bloody-mary-version,1,https://assets.bigcartel.com/product_images/257336918/IMG_20200403_084120+_1_.jpg,3024,4032,products/080_freakos-5-cruel-ghoul-bloody-mary-version,products/080_freakos-5-cruel-ghoul-bloody-mary-version/images/01.jpg,357128,OK,
84,Freakos #3 - Bad Mummy Golden Road edition,freakos-3-bad-mummy-golden-road-edition,1,https://assets.bigcartel.com/product_images/257338058/IMG_20200403_140003.jpg,3024,4032,products/081_freakos-3-bad-mummy-golden-road-edition,products/081_freakos-3-bad-mummy-golden-road-edition/images/01.jpg,463514,OK,
84,Freakos #3 - Bad Mummy Golden Road edition,freakos-3-bad-mummy-golden-road-edition,2,https://assets.bigcartel.com/product_images/257338184/freakosMummy.jpg,933,1828,products/081_freakos-3-bad-mummy-golden-road-edition,products/081_freakos-3-bad-mummy-golden-road-edition/images/02.jpg,368745,OK,
85,BerniE.T. 2020,bernie-t-2020,1,https://assets.bigcartel.com/product_images/254984441/berniET2.png,1000,1000,products/082_bernie-t-2020,products/082_bernie-t-2020/images/01.png,395433,OK,
85,BerniE.T. 2020,bernie-t-2020,2,https://assets.bigcartel.com/product_images/254999744/bern.jpg,2430,3761,products/082_bernie-t-2020,products/082_bernie-t-2020/images/02.jpg,286914,OK,
85,BerniE.T. 2020,bernie-t-2020,3,https://assets.bigcartel.com/product_images/254984540/berniETheader.png,1080,615,products/082_bernie-t-2020,products/082_bernie-t-2020/images/03.png,389037,OK,
86,Chew Foot - Freakos #4,chew-foot-freakos-4,1,https://assets.bigcartel.com/product_images/254375630/00000IMG_00000_BURST20200217121929492_COVER+_1_.jpg,3024,4032,products/083_chew-foot-freakos-4,products/083_chew-foot-freakos-4/images/01.jpg,255339,OK,
86,Chew Foot - Freakos #4,chew-foot-freakos-4,2,https://assets.bigcartel.com/product_images/254375651/00000IMG_00000_BURST20200217122048159_COVER.jpg,3024,4032,products/083_chew-foot-freakos-4,products/083_chew-foot-freakos-4/images/02.jpg,235427,OK,
86,Chew Foot - Freakos #4,chew-foot-freakos-4,3,https://assets.bigcartel.com/product_images/254375807/Screen+Shot+2020-02-20+at+5.10.49+PM.png,802,1554,products/083_chew-foot-freakos-4,products/083_chew-foot-freakos-4/images/03.png,271516,OK,
87,Hairy Scarey - Freakos #2,hairy-scarey-freakos-2,1,https://assets.bigcartel.com/product_images/247696481/IMG_20191030_192107.jpg,3024,4032,products/084_hairy-scarey-freakos-2,products/084_hairy-scarey-freakos-2/images/01.jpg,247968,OK,
87,Hairy Scarey - Freakos #2,hairy-scarey-freakos-2,2,https://assets.bigcartel.com/product_images/247696478/IMG_20191030_192129.jpg,3024,4032,products/084_hairy-scarey-freakos-2,products/084_hairy-scarey-freakos-2/images/02.jpg,250799,OK,
87,Hairy Scarey - Freakos #2,hairy-scarey-freakos-2,3,https://assets.bigcartel.com/product_images/247696472/IMG_20191030_233213_028.jpg,3024,3780,products/084_hairy-scarey-freakos-2,products/084_hairy-scarey-freakos-2/images/03.jpg,157764,OK,
87,Hairy Scarey - Freakos #2,hairy-scarey-freakos-2,4,https://assets.bigcartel.com/product_images/247698620/freakosHairy.png,933,1828,products/084_hairy-scarey-freakos-2,products/084_hairy-scarey-freakos-2/images/04.png,476179,OK,
88,Freako's #1: Slay Blade,freako-s-1-slay-blade,1,https://assets.bigcartel.com/product_images/235001663/slayblade.png,3024,4032,products/085_freako-s-1-slay-blade,products/085_freako-s-1-slay-blade/images/01.png,846615,OK,
88,Freako's #1: Slay Blade,freako-s-1-slay-blade,2,https://assets.bigcartel.com/product_images/235001774/freakobag.png,1000,1516,products/085_freako-s-1-slay-blade,products/085_freako-s-1-slay-blade/images/02.png,797781,OK,
88,Freako's #1: Slay Blade,freako-s-1-slay-blade,3,https://assets.bigcartel.com/product_images/235002065/skull.png,1000,1333,products/085_freako-s-1-slay-blade,products/085_freako-s-1-slay-blade/images/03.png,657573,OK,
88,Freako's #1: Slay Blade,freako-s-1-slay-blade,4,https://assets.bigcartel.com/product_images/235001999/freakosback2.png,1000,1333,products/085_freako-s-1-slay-blade,products/085_freako-s-1-slay-blade/images/04.png,630165,OK,
88,Freako's #1: Slay Blade,freako-s-1-slay-blade,5,https://assets.bigcartel.com/product_images/235001918/freakosback.png,1000,1411,products/085_freako-s-1-slay-blade,products/085_freako-s-1-slay-blade/images/05.png,837394,OK,
89,Special Edition Halloween Orange Slay Blade Freakos #1,special-edition-halloween-slay-blade-freakos-1,1,https://assets.bigcartel.com/product_images/247697105/00000IMG_00000_BURST20191030192725083_COVER.jpg,3024,4032,products/086_special-edition-halloween-slay-blade-freakos-1,products/086_special-edition-halloween-slay-blade-freakos-1/images/01.jpg,255196,OK,
89,Special Edition Halloween Orange Slay Blade Freakos #1,special-edition-halloween-slay-blade-freakos-1,2,https://assets.bigcartel.com/product_images/247715090/IMG_20191031_195153.jpg,3024,4032,products/086_special-edition-halloween-slay-blade-freakos-1,products/086_special-edition-halloween-slay-blade-freakos-1/images/02.jpg,251488,OK,
89,Special Edition Halloween Orange Slay Blade Freakos #1,special-edition-halloween-slay-blade-freakos-1,3,https://assets.bigcartel.com/product_images/247698575/freakosBladeFinal.png,933,1828,products/086_special-edition-halloween-slay-blade-freakos-1,products/086_special-edition-halloween-slay-blade-freakos-1/images/03.png,470384,OK,
90,1.5 INCH - One Random Color Loose Nano Mutant!!,random-nano-mutants,1,https://assets.bigcartel.com/product_images/254526191/IMG_20200223_140533.jpg,2209,2665,products/087_random-nano-mutants,products/087_random-nano-mutants/images/01.jpg,182785,OK,
90,1.5 INCH - One Random Color Loose Nano Mutant!!,random-nano-mutants,2,https://assets.bigcartel.com/product_images/254526188/IMG_20200223_140511.jpg,2338,2695,products/087_random-nano-mutants,products/087_random-nano-mutants/images/02.jpg,258375,OK,
90,1.5 INCH - One Random Color Loose Nano Mutant!!,random-nano-mutants,3,https://assets.bigcartel.com/product_images/254526194/IMG_20200223_140442.jpg,2065,2483,products/087_random-nano-mutants,products/087_random-nano-mutants/images/03.jpg,253350,OK,
90,1.5 INCH - One Random Color Loose Nano Mutant!!,random-nano-mutants,4,https://assets.bigcartel.com/product_images/254526197/IMG_20200223_140413.jpg,1912,2472,products/087_random-nano-mutants,products/087_random-nano-mutants/images/04.jpg,186814,OK,
90,1.5 INCH - One Random Color Loose Nano Mutant!!,random-nano-mutants,5,https://assets.bigcartel.com/product_images/254526200/IMG_20200223_140355.jpg,2120,2680,products/087_random-nano-mutants,products/087_random-nano-mutants/images/05.jpg,191699,OK,
92,5 Inch Full Size One-Off Clear Mutant with GID Mini Mutant Inside,5-inch-full-size-clear-mutant-with-gid-mini-mutant-inside,1,https://assets.bigcartel.com/product_images/254467910/IMG_20200213_113159.jpg,3024,4032,products/088_5-inch-full-size-clear-mutant-with-gid-mini-mutant-inside,products/088_5-inch-full-size-clear-mutant-with-gid-mini-mutant-inside/images/01.jpg,117463,OK,
92,5 Inch Full Size One-Off Clear Mutant with GID Mini Mutant Inside,5-inch-full-size-clear-mutant-with-gid-mini-mutant-inside,2,https://assets.bigcartel.com/product_images/254467913/IMG_20200213_113120.jpg,3024,4032,products/088_5-inch-full-size-clear-mutant-with-gid-mini-mutant-inside,products/088_5-inch-full-size-clear-mutant-with-gid-mini-mutant-inside/images/02.jpg,121236,OK,
92,5 Inch Full Size One-Off Clear Mutant with GID Mini Mutant Inside,5-inch-full-size-clear-mutant-with-gid-mini-mutant-inside,3,https://assets.bigcartel.com/product_images/254467916/00000IMG_00000_BURST20200213113346873_COVER.jpg,3024,4032,products/088_5-inch-full-size-clear-mutant-with-gid-mini-mutant-inside,products/088_5-inch-full-size-clear-mutant-with-gid-mini-mutant-inside/images/03.jpg,293654,OK,
92,5 Inch Full Size One-Off Clear Mutant with GID Mini Mutant Inside,5-inch-full-size-clear-mutant-with-gid-mini-mutant-inside,4,https://assets.bigcartel.com/product_images/254467919/00100lrPORTRAIT_00100_BURST20200213113338557_COVER.jpg,3024,4032,products/088_5-inch-full-size-clear-mutant-with-gid-mini-mutant-inside,products/088_5-inch-full-size-clear-mutant-with-gid-mini-mutant-inside/images/04.jpg,291817,OK,
92,5 Inch Full Size One-Off Clear Mutant with GID Mini Mutant Inside,5-inch-full-size-clear-mutant-with-gid-mini-mutant-inside,5,https://assets.bigcartel.com/product_images/254467922/00000IMG_00000_BURST20200213113300596_COVER.jpg,3024,4032,products/088_5-inch-full-size-clear-mutant-with-gid-mini-mutant-inside,products/088_5-inch-full-size-clear-mutant-with-gid-mini-mutant-inside/images/05.jpg,282228,OK,
93,First Kiss Spiders,first-kiss-spiders,1,https://assets.bigcartel.com/product_images/235125104/IMG_20190331_173035.jpg,3024,4032,products/089_first-kiss-spiders,products/089_first-kiss-spiders/images/01.jpg,165942,OK,
93,First Kiss Spiders,first-kiss-spiders,2,https://assets.bigcartel.com/product_images/235125101/IMG_20190331_173055.jpg,3024,2690,products/089_first-kiss-spiders,products/089_first-kiss-spiders/images/02.jpg,223649,OK,
93,First Kiss Spiders,first-kiss-spiders,3,https://assets.bigcartel.com/product_images/235125107/IMG_20190331_173125.jpg,4032,3024,products/089_first-kiss-spiders,products/089_first-kiss-spiders/images/03.jpg,327267,OK,
94,Terran Fleshbag Puggernaut - Official OMFG Exclusive,terran-fleshbag-puggernaut,1,https://assets.bigcartel.com/product_images/236853815/58641527_290148721916133_7955075555919921152_n.jpg,1588,1588,products/090_terran-fleshbag-puggernaut,products/090_terran-fleshbag-puggernaut/images/01.jpg,147906,OK,
94,Terran Fleshbag Puggernaut - Official OMFG Exclusive,terran-fleshbag-puggernaut,2,https://assets.bigcartel.com/product_images/236853821/58586695_318527002154416_5279462280864464896_n.jpg,2055,2055,products/090_terran-fleshbag-puggernaut,products/090_terran-fleshbag-puggernaut/images/02.jpg,253195,OK,
94,Terran Fleshbag Puggernaut - Official OMFG Exclusive,terran-fleshbag-puggernaut,3,https://assets.bigcartel.com/product_images/236853818/58377892_282442092663154_8603183848848621568_n.jpg,1000,1000,products/090_terran-fleshbag-puggernaut,products/090_terran-fleshbag-puggernaut/images/03.jpg,290875,OK,
94,Terran Fleshbag Puggernaut - Official OMFG Exclusive,terran-fleshbag-puggernaut,4,https://assets.bigcartel.com/product_images/236853824/58463140_833809896988429_5370073523735756800_n.jpg,2419,1361,products/090_terran-fleshbag-puggernaut,products/090_terran-fleshbag-puggernaut/images/04.jpg,149368,OK,
94,Terran Fleshbag Puggernaut - Official OMFG Exclusive,terran-fleshbag-puggernaut,5,https://assets.bigcartel.com/product_images/236853899/58462031_430963200798262_4084821826176286720_n.jpg,2008,1048,products/090_terran-fleshbag-puggernaut,products/090_terran-fleshbag-puggernaut/images/05.jpg,443508,OK,
95,Forgelings - Timmit the Blacksmith - Earth Brown,forgelings-timmit-the-blacksmith,1,https://assets.bigcartel.com/product_images/250345112/IMG_20191205_141627+_1_.jpg,2111,2486,products/091_forgelings-timmit-the-blacksmith,products/091_forgelings-timmit-the-blacksmith/images/01.jpg,324398,OK,
95,Forgelings - Timmit the Blacksmith - Earth Brown,forgelings-timmit-the-blacksmith,2,https://assets.bigcartel.com/product_images/250344578/IMG_20191207_125016.jpg,2316,3957,products/091_forgelings-timmit-the-blacksmith,products/091_forgelings-timmit-the-blacksmith/images/02.jpg,320282,OK,
95,Forgelings - Timmit the Blacksmith - Earth Brown,forgelings-timmit-the-blacksmith,3,https://assets.bigcartel.com/product_images/250344857/00100lrPORTRAIT_00100_BURST20191129095820019_COVER.jpg,3024,3360,products/091_forgelings-timmit-the-blacksmith,products/091_forgelings-timmit-the-blacksmith/images/03.jpg,396183,OK,
95,Forgelings - Timmit the Blacksmith - Earth Brown,forgelings-timmit-the-blacksmith,4,https://assets.bigcartel.com/product_images/250344929/IMG_20191129_095447.jpg,3030,1974,products/091_forgelings-timmit-the-blacksmith,products/091_forgelings-timmit-the-blacksmith/images/04.jpg,156115,OK,
96,Pvt. Ooze - Gang Green Edition,pvt-ooze,1,https://assets.bigcartel.com/product_images/234998651/OOZEBAGGED.png,1000,1338,products/092_pvt-ooze,products/092_pvt-ooze/images/01.png,592737,OK,
96,Pvt. Ooze - Gang Green Edition,pvt-ooze,2,https://assets.bigcartel.com/product_images/235000313/ooze.png,3024,2905,products/092_pvt-ooze,products/092_pvt-ooze/images/02.png,958036,OK,
96,Pvt. Ooze - Gang Green Edition,pvt-ooze,3,https://assets.bigcartel.com/product_images/235000541/sideooze.png,886,1130,products/092_pvt-ooze,products/092_pvt-ooze/images/03.png,483430,OK,
96,Pvt. Ooze - Gang Green Edition,pvt-ooze,4,https://assets.bigcartel.com/product_images/235000454/oozy.png,800,1067,products/092_pvt-ooze,products/092_pvt-ooze/images/04.png,436126,OK,
97,Video NasteeZ Rawhead Rex,rawhead-rex,1,https://assets.bigcartel.com/product_images/243693140/IMG_20190819_153626+_1_.jpg,3024,3327,products/093_rawhead-rex,products/093_rawhead-rex/images/01.jpg,114876,OK,
97,Video NasteeZ Rawhead Rex,rawhead-rex,2,https://assets.bigcartel.com/product_images/243693131/IMG_20190824_115410.jpg,3024,3368,products/093_rawhead-rex,products/093_rawhead-rex/images/02.jpg,118668,OK,
97,Video NasteeZ Rawhead Rex,rawhead-rex,3,https://assets.bigcartel.com/product_images/243693125/IMG_20190824_115457+_1_.jpg,3024,4032,products/093_rawhead-rex,products/093_rawhead-rex/images/03.jpg,127154,OK,
97,Video NasteeZ Rawhead Rex,rawhead-rex,4,https://assets.bigcartel.com/product_images/243693134/IMG_20190824_115524_1.jpg,3024,4032,products/093_rawhead-rex,products/093_rawhead-rex/images/04.jpg,129956,OK,
97,Video NasteeZ Rawhead Rex,rawhead-rex,5,https://assets.bigcartel.com/product_images/243693128/IMG_20190824_115707.jpg,3024,4032,products/093_rawhead-rex,products/093_rawhead-rex/images/05.jpg,106910,OK,
98,Ram-Blo,ram-blo,1,https://assets.bigcartel.com/product_images/239800706/IMG_20190616_092350.jpg,3914,2935,products/094_ram-blo,products/094_ram-blo/images/01.jpg,199634,OK,
98,Ram-Blo,ram-blo,2,https://assets.bigcartel.com/product_images/239800700/IMG_20190616_092512.jpg,2312,3939,products/094_ram-blo,products/094_ram-blo/images/02.jpg,153776,OK,
98,Ram-Blo,ram-blo,3,https://assets.bigcartel.com/product_images/239801147/ramblo1.png,2059,927,products/094_ram-blo,products/094_ram-blo/images/03.png,480650,OK,
98,Ram-Blo,ram-blo,4,https://assets.bigcartel.com/product_images/239801156/ramblo2.png,2059,927,products/094_ram-blo,products/094_ram-blo/images/04.png,489654,OK,
